Borough,Year,FIPS County Code,DCP Borough Code,Census Tract,Population
Bronx,2000,005,2,000100,12780
Bronx,2000,005,2,000200,3545
Bronx,2000,005,2,000400,3314
Bronx,2000,005,2,001600,5237
Bronx,2000,005,2,001900,1584
Bronx,2000,005,2,002000,9068
Bronx,2000,005,2,002300,4338
Bronx,2000,005,2,002400,0
Bronx,2000,005,2,002500,5109
Bronx,2000,005,2,002701,3033
Bronx,2000,005,2,002702,4736
Bronx,2000,005,2,002800,5718
Bronx,2000,005,2,003100,1478
Bronx,2000,005,2,003300,3116
Bronx,2000,005,2,003500,3473
Bronx,2000,005,2,003700,478
Bronx,2000,005,2,003800,1263
Bronx,2000,005,2,003900,6022
Bronx,2000,005,2,004001,1420
Bronx,2000,005,2,004100,5240
Bronx,2000,005,2,004200,7539
Bronx,2000,005,2,004300,4789
Bronx,2000,005,2,004400,4671
Bronx,2000,005,2,004600,1419
Bronx,2000,005,2,004800,3678
Bronx,2000,005,2,005001,4871
Bronx,2000,005,2,005002,5869
Bronx,2000,005,2,005100,5634
Bronx,2000,005,2,005200,2186
Bronx,2000,005,2,005300,4159
Bronx,2000,005,2,005400,5550
Bronx,2000,005,2,005600,2710
Bronx,2000,005,2,005902,2682
Bronx,2000,005,2,006000,1081
Bronx,2000,005,2,006100,4039
Bronx,2000,005,2,006200,6399
Bronx,2000,005,2,006300,5885
Bronx,2000,005,2,006400,3967
Bronx,2000,005,2,006500,4655
Bronx,2000,005,2,006700,6491
Bronx,2000,005,2,006800,3209
Bronx,2000,005,2,006900,4323
Bronx,2000,005,2,007000,4160
Bronx,2000,005,2,007100,1885
Bronx,2000,005,2,007200,5073
Bronx,2000,005,2,007300,3248
Bronx,2000,005,2,007400,3503
Bronx,2000,005,2,007500,4688
Bronx,2000,005,2,007600,4929
Bronx,2000,005,2,007700,1307
Bronx,2000,005,2,007800,6171
Bronx,2000,005,2,007900,6598
Bronx,2000,005,2,008300,6204
Bronx,2000,005,2,008400,2079
Bronx,2000,005,2,008500,5428
Bronx,2000,005,2,008600,4381
Bronx,2000,005,2,008700,5203
Bronx,2000,005,2,008900,2886
Bronx,2000,005,2,009000,3687
Bronx,2000,005,2,009200,4877
Bronx,2000,005,2,009300,5531
Bronx,2000,005,2,009600,2099
Bronx,2000,005,2,009800,5538
Bronx,2000,005,2,011000,21
Bronx,2000,005,2,011502,4139
Bronx,2000,005,2,011700,1695
Bronx,2000,005,2,011800,5080
Bronx,2000,005,2,011900,4793
Bronx,2000,005,2,012101,2878
Bronx,2000,005,2,012102,1619
Bronx,2000,005,2,012300,2920
Bronx,2000,005,2,012500,2271
Bronx,2000,005,2,012701,2309
Bronx,2000,005,2,012901,2728
Bronx,2000,005,2,013000,1179
Bronx,2000,005,2,013100,3519
Bronx,2000,005,2,013200,5614
Bronx,2000,005,2,013300,6047
Bronx,2000,005,2,013500,3126
Bronx,2000,005,2,013800,1940
Bronx,2000,005,2,014100,2314
Bronx,2000,005,2,014300,712
Bronx,2000,005,2,014400,5773
Bronx,2000,005,2,014500,4878
Bronx,2000,005,2,014701,5652
Bronx,2000,005,2,014702,5273
Bronx,2000,005,2,014900,3668
Bronx,2000,005,2,015100,4743
Bronx,2000,005,2,015200,2382
Bronx,2000,005,2,015300,2962
Bronx,2000,005,2,015500,2779
Bronx,2000,005,2,015700,3575
Bronx,2000,005,2,015800,1211
Bronx,2000,005,2,015900,2170
Bronx,2000,005,2,016000,5196
Bronx,2000,005,2,016100,4755
Bronx,2000,005,2,016200,1719
Bronx,2000,005,2,016300,301
Bronx,2000,005,2,016400,1212
Bronx,2000,005,2,016500,1243
Bronx,2000,005,2,016600,2226
Bronx,2000,005,2,016700,1822
Bronx,2000,005,2,016900,1796
Bronx,2000,005,2,017100,3
Bronx,2000,005,2,017300,4842
Bronx,2000,005,2,017500,6466
Bronx,2000,005,2,017701,3954
Bronx,2000,005,2,017702,4165
Bronx,2000,005,2,017901,4817
Bronx,2000,005,2,017902,3408
Bronx,2000,005,2,018101,2983
Bronx,2000,005,2,018102,5590
Bronx,2000,005,2,018301,4637
Bronx,2000,005,2,018302,3740
Bronx,2000,005,2,018400,3695
Bronx,2000,005,2,018500,4750
Bronx,2000,005,2,018900,7264
Bronx,2000,005,2,019300,5248
Bronx,2000,005,2,019400,1666
Bronx,2000,005,2,019500,7327
Bronx,2000,005,2,019700,7754
Bronx,2000,005,2,019900,7880
Bronx,2000,005,2,020000,4100
Bronx,2000,005,2,020100,3632
Bronx,2000,005,2,020200,1824
Bronx,2000,005,2,020400,2884
Bronx,2000,005,2,020501,8556
Bronx,2000,005,2,020502,761
Bronx,2000,005,2,020601,2375
Bronx,2000,005,2,020900,4589
Bronx,2000,005,2,021001,7051
Bronx,2000,005,2,021002,8753
Bronx,2000,005,2,021100,4532
Bronx,2000,005,2,021200,5232
Bronx,2000,005,2,021301,1464
Bronx,2000,005,2,021302,3981
Bronx,2000,005,2,021501,3690
Bronx,2000,005,2,021502,6726
Bronx,2000,005,2,021601,4339
Bronx,2000,005,2,021602,5293
Bronx,2000,005,2,021700,4797
Bronx,2000,005,2,021800,6648
Bronx,2000,005,2,021900,1307
Bronx,2000,005,2,022000,1445
Bronx,2000,005,2,022101,3300
Bronx,2000,005,2,022102,5142
Bronx,2000,005,2,022200,3024
Bronx,2000,005,2,022300,5560
Bronx,2000,005,2,022401,2607
Bronx,2000,005,2,022403,3187
Bronx,2000,005,2,022404,3940
Bronx,2000,005,2,022500,6926
Bronx,2000,005,2,022701,3036
Bronx,2000,005,2,022702,1964
Bronx,2000,005,2,022703,1585
Bronx,2000,005,2,022800,5777
Bronx,2000,005,2,022901,6093
Bronx,2000,005,2,022902,3112
Bronx,2000,005,2,023000,2754
Bronx,2000,005,2,023100,1611
Bronx,2000,005,2,023200,2333
Bronx,2000,005,2,023301,4916
Bronx,2000,005,2,023302,3545
Bronx,2000,005,2,023501,4405
Bronx,2000,005,2,023502,5178
Bronx,2000,005,2,023600,1873
Bronx,2000,005,2,023702,1212
Bronx,2000,005,2,023703,4860
Bronx,2000,005,2,023704,3774
Bronx,2000,005,2,023800,2335
Bronx,2000,005,2,023900,8094
Bronx,2000,005,2,024000,3502
Bronx,2000,005,2,024100,5955
Bronx,2000,005,2,024300,5415
Bronx,2000,005,2,024400,2083
Bronx,2000,005,2,024501,4895
Bronx,2000,005,2,024502,3645
Bronx,2000,005,2,024600,2086
Bronx,2000,005,2,024700,1807
Bronx,2000,005,2,024800,3245
Bronx,2000,005,2,024900,144
Bronx,2000,005,2,025000,2297
Bronx,2000,005,2,025100,6639
Bronx,2000,005,2,025200,2417
Bronx,2000,005,2,025300,6402
Bronx,2000,005,2,025400,1886
Bronx,2000,005,2,025500,6567
Bronx,2000,005,2,025600,1727
Bronx,2000,005,2,025700,1637
Bronx,2000,005,2,026100,1517
Bronx,2000,005,2,026300,7978
Bronx,2000,005,2,026400,4798
Bronx,2000,005,2,026500,6724
Bronx,2000,005,2,026601,3003
Bronx,2000,005,2,026602,5266
Bronx,2000,005,2,026701,3620
Bronx,2000,005,2,026702,7333
Bronx,2000,005,2,026900,4098
Bronx,2000,005,2,027300,7943
Bronx,2000,005,2,027401,5372
Bronx,2000,005,2,027402,3117
Bronx,2000,005,2,027600,7
Bronx,2000,005,2,027700,5339
Bronx,2000,005,2,027900,7182
Bronx,2000,005,2,028100,3824
Bronx,2000,005,2,028300,2249
Bronx,2000,005,2,028400,857
Bronx,2000,005,2,028500,3238
Bronx,2000,005,2,028600,1268
Bronx,2000,005,2,028700,3159
Bronx,2000,005,2,028800,3066
Bronx,2000,005,2,028900,4627
Bronx,2000,005,2,029301,1863
Bronx,2000,005,2,029302,5506
Bronx,2000,005,2,029500,4081
Bronx,2000,005,2,029600,3801
Bronx,2000,005,2,029700,3639
Bronx,2000,005,2,030000,5862
Bronx,2000,005,2,030100,1510
Bronx,2000,005,2,030200,8864
Bronx,2000,005,2,030701,5580
Bronx,2000,005,2,030900,3745
Bronx,2000,005,2,031000,4284
Bronx,2000,005,2,031200,1569
Bronx,2000,005,2,031400,2024
Bronx,2000,005,2,031600,1779
Bronx,2000,005,2,031800,1795
Bronx,2000,005,2,031900,7
Bronx,2000,005,2,032300,5171
Bronx,2000,005,2,032400,2826
Bronx,2000,005,2,032600,3203
Bronx,2000,005,2,032800,3937
Bronx,2000,005,2,033000,5111
Bronx,2000,005,2,033201,3591
Bronx,2000,005,2,033202,4498
Bronx,2000,005,2,033400,224
Bronx,2000,005,2,033500,2082
Bronx,2000,005,2,033600,6138
Bronx,2000,005,2,033700,3026
Bronx,2000,005,2,033800,3848
Bronx,2000,005,2,034000,4360
Bronx,2000,005,2,034200,1533
Bronx,2000,005,2,034300,1537
Bronx,2000,005,2,034400,1537
Bronx,2000,005,2,034500,3499
Bronx,2000,005,2,034800,5991
Bronx,2000,005,2,035000,1896
Bronx,2000,005,2,035100,3366
Bronx,2000,005,2,035600,2020
Bronx,2000,005,2,035800,6917
Bronx,2000,005,2,035900,1346
Bronx,2000,005,2,036000,2899
Bronx,2000,005,2,036100,6283
Bronx,2000,005,2,036300,6571
Bronx,2000,005,2,036400,2699
Bronx,2000,005,2,036501,3421
Bronx,2000,005,2,036502,1793
Bronx,2000,005,2,036700,2223
Bronx,2000,005,2,036800,1569
Bronx,2000,005,2,036901,1687
Bronx,2000,005,2,036902,2143
Bronx,2000,005,2,037000,2210
Bronx,2000,005,2,037100,4305
Bronx,2000,005,2,037200,2182
Bronx,2000,005,2,037300,4891
Bronx,2000,005,2,037400,3519
Bronx,2000,005,2,037504,3172
Bronx,2000,005,2,037600,2116
Bronx,2000,005,2,037800,2795
Bronx,2000,005,2,037900,5057
Bronx,2000,005,2,038000,3910
Bronx,2000,005,2,038100,6192
Bronx,2000,005,2,038200,2566
Bronx,2000,005,2,038301,4862
Bronx,2000,005,2,038302,5290
Bronx,2000,005,2,038500,4071
Bronx,2000,005,2,038600,7123
Bronx,2000,005,2,038700,3392
Bronx,2000,005,2,038800,2374
Bronx,2000,005,2,038900,4558
Bronx,2000,005,2,039000,2580
Bronx,2000,005,2,039100,6372
Bronx,2000,005,2,039200,1607
Bronx,2000,005,2,039300,7731
Bronx,2000,005,2,039400,4453
Bronx,2000,005,2,039500,3414
Bronx,2000,005,2,039600,3400
Bronx,2000,005,2,039700,3914
Bronx,2000,005,2,039800,2771
Bronx,2000,005,2,039901,5550
Bronx,2000,005,2,039902,4960
Bronx,2000,005,2,040100,5302
Bronx,2000,005,2,040302,4558
Bronx,2000,005,2,040303,4697
Bronx,2000,005,2,040304,3861
Bronx,2000,005,2,040400,2904
Bronx,2000,005,2,040501,4195
Bronx,2000,005,2,040502,6983
Bronx,2000,005,2,040600,3398
Bronx,2000,005,2,040701,3309
Bronx,2000,005,2,040702,6718
Bronx,2000,005,2,040800,4014
Bronx,2000,005,2,040900,3499
Bronx,2000,005,2,041100,2701
Bronx,2000,005,2,041300,7515
Bronx,2000,005,2,041400,5040
Bronx,2000,005,2,041500,5635
Bronx,2000,005,2,041800,3587
Bronx,2000,005,2,041900,6736
Bronx,2000,005,2,042000,3788
Bronx,2000,005,2,042100,6831
Bronx,2000,005,2,042200,2694
Bronx,2000,005,2,042300,3929
Bronx,2000,005,2,042400,2570
Bronx,2000,005,2,042500,6530
Bronx,2000,005,2,042600,6470
Bronx,2000,005,2,042800,2239
Bronx,2000,005,2,042901,3269
Bronx,2000,005,2,042902,3637
Bronx,2000,005,2,043000,2961
Bronx,2000,005,2,043100,9885
Bronx,2000,005,2,043400,3756
Bronx,2000,005,2,043500,0
Bronx,2000,005,2,043600,2334
Bronx,2000,005,2,044200,3715
Bronx,2000,005,2,044400,3937
Bronx,2000,005,2,044800,1836
Bronx,2000,005,2,044901,1973
Bronx,2000,005,2,044902,1992
Bronx,2000,005,2,045101,1800
Bronx,2000,005,2,045102,1943
Bronx,2000,005,2,045600,2883
Bronx,2000,005,2,045800,7329
Bronx,2000,005,2,046000,2693
Bronx,2000,005,2,046201,24523
Bronx,2000,005,2,046202,7289
Bronx,2000,005,2,048400,3758
Bronx,2000,005,2,050400,5
Bronx,2000,005,2,051600,4520
Brooklyn,2000,047,3,000100,5498
Brooklyn,2000,047,3,000200,1303
Brooklyn,2000,047,3,000301,5036
Brooklyn,2000,047,3,000501,3415
Brooklyn,2000,047,3,000502,2739
Brooklyn,2000,047,3,000700,3682
Brooklyn,2000,047,3,000900,2178
Brooklyn,2000,047,3,001100,117
Brooklyn,2000,047,3,001300,2533
Brooklyn,2000,047,3,001500,2726
Brooklyn,2000,047,3,001800,1442
Brooklyn,2000,047,3,002000,1574
Brooklyn,2000,047,3,002100,1134
Brooklyn,2000,047,3,002200,4240
Brooklyn,2000,047,3,002300,4314
Brooklyn,2000,047,3,002901,4300
Brooklyn,2000,047,3,003000,1873
Brooklyn,2000,047,3,003100,2870
Brooklyn,2000,047,3,003300,2348
Brooklyn,2000,047,3,003400,2894
Brooklyn,2000,047,3,003500,1477
Brooklyn,2000,047,3,003600,3940
Brooklyn,2000,047,3,003700,357
Brooklyn,2000,047,3,003800,1607
Brooklyn,2000,047,3,003900,2119
Brooklyn,2000,047,3,004100,3251
Brooklyn,2000,047,3,004300,2942
Brooklyn,2000,047,3,004400,2590
Brooklyn,2000,047,3,004500,3444
Brooklyn,2000,047,3,004600,1217
Brooklyn,2000,047,3,004700,1166
Brooklyn,2000,047,3,004900,2593
Brooklyn,2000,047,3,005000,2401
Brooklyn,2000,047,3,005100,2093
Brooklyn,2000,047,3,005201,1781
Brooklyn,2000,047,3,005202,2453
Brooklyn,2000,047,3,005300,1838
Brooklyn,2000,047,3,005400,3205
Brooklyn,2000,047,3,005601,2515
Brooklyn,2000,047,3,005602,1523
Brooklyn,2000,047,3,005800,3308
Brooklyn,2000,047,3,005900,1099
Brooklyn,2000,047,3,006000,2907
Brooklyn,2000,047,3,006200,3062
Brooklyn,2000,047,3,006300,1821
Brooklyn,2000,047,3,006400,3484
Brooklyn,2000,047,3,006500,5136
Brooklyn,2000,047,3,006600,3631
Brooklyn,2000,047,3,006700,3500
Brooklyn,2000,047,3,006800,4781
Brooklyn,2000,047,3,006900,3340
Brooklyn,2000,047,3,007000,2549
Brooklyn,2000,047,3,007100,4609
Brooklyn,2000,047,3,007200,1858
Brooklyn,2000,047,3,007400,5330
Brooklyn,2000,047,3,007500,4454
Brooklyn,2000,047,3,007600,4440
Brooklyn,2000,047,3,007700,3905
Brooklyn,2000,047,3,007800,5018
Brooklyn,2000,047,3,008000,4360
Brooklyn,2000,047,3,008200,4072
Brooklyn,2000,047,3,008400,3229
Brooklyn,2000,047,3,008500,7278
Brooklyn,2000,047,3,008600,0
Brooklyn,2000,047,3,008800,3410
Brooklyn,2000,047,3,009000,2533
Brooklyn,2000,047,3,009200,5160
Brooklyn,2000,047,3,009400,4855
Brooklyn,2000,047,3,009600,5900
Brooklyn,2000,047,3,009800,6121
Brooklyn,2000,047,3,010000,6271
Brooklyn,2000,047,3,010100,4095
Brooklyn,2000,047,3,010200,4616
Brooklyn,2000,047,3,010400,5530
Brooklyn,2000,047,3,010600,5460
Brooklyn,2000,047,3,010800,4773
Brooklyn,2000,047,3,011000,2017
Brooklyn,2000,047,3,011200,6242
Brooklyn,2000,047,3,011400,4116
Brooklyn,2000,047,3,011600,4259
Brooklyn,2000,047,3,011700,2788
Brooklyn,2000,047,3,011800,2009
Brooklyn,2000,047,3,011900,1555
Brooklyn,2000,047,3,012000,1253
Brooklyn,2000,047,3,012100,1796
Brooklyn,2000,047,3,012200,5045
Brooklyn,2000,047,3,012600,2522
Brooklyn,2000,047,3,012700,3405
Brooklyn,2000,047,3,012801,2006
Brooklyn,2000,047,3,012901,2239
Brooklyn,2000,047,3,012902,2125
Brooklyn,2000,047,3,013000,4733
Brooklyn,2000,047,3,013100,3994
Brooklyn,2000,047,3,013200,2165
Brooklyn,2000,047,3,013300,3667
Brooklyn,2000,047,3,013400,3890
Brooklyn,2000,047,3,013500,2830
Brooklyn,2000,047,3,013600,3924
Brooklyn,2000,047,3,013700,2972
Brooklyn,2000,047,3,013800,3206
Brooklyn,2000,047,3,013900,3832
Brooklyn,2000,047,3,014000,2012
Brooklyn,2000,047,3,014100,2737
Brooklyn,2000,047,3,014200,3238
Brooklyn,2000,047,3,014300,3682
Brooklyn,2000,047,3,014500,4326
Brooklyn,2000,047,3,014700,1980
Brooklyn,2000,047,3,014800,1222
Brooklyn,2000,047,3,014900,4774
Brooklyn,2000,047,3,015000,1564
Brooklyn,2000,047,3,015100,3390
Brooklyn,2000,047,3,015200,2240
Brooklyn,2000,047,3,015300,2955
Brooklyn,2000,047,3,015400,0
Brooklyn,2000,047,3,015500,3312
Brooklyn,2000,047,3,015700,4143
Brooklyn,2000,047,3,015900,5091
Brooklyn,2000,047,3,016000,4246
Brooklyn,2000,047,3,016100,2568
Brooklyn,2000,047,3,016200,1886
Brooklyn,2000,047,3,016300,3175
Brooklyn,2000,047,3,016400,1173
Brooklyn,2000,047,3,016500,4847
Brooklyn,2000,047,3,016600,2042
Brooklyn,2000,047,3,016700,4534
Brooklyn,2000,047,3,016800,1425
Brooklyn,2000,047,3,016900,4800
Brooklyn,2000,047,3,017000,2882
Brooklyn,2000,047,3,017100,3449
Brooklyn,2000,047,3,017200,2892
Brooklyn,2000,047,3,017400,1751
Brooklyn,2000,047,3,017500,28
Brooklyn,2000,047,3,017600,2239
Brooklyn,2000,047,3,017700,11
Brooklyn,2000,047,3,017800,2579
Brooklyn,2000,047,3,017900,3379
Brooklyn,2000,047,3,018000,2803
Brooklyn,2000,047,3,018100,3895
Brooklyn,2000,047,3,018200,3039
Brooklyn,2000,047,3,018300,2502
Brooklyn,2000,047,3,018400,1977
Brooklyn,2000,047,3,018501,4803
Brooklyn,2000,047,3,018600,1848
Brooklyn,2000,047,3,018700,1228
Brooklyn,2000,047,3,018800,2615
Brooklyn,2000,047,3,019000,4595
Brooklyn,2000,047,3,019100,2816
Brooklyn,2000,047,3,019200,2320
Brooklyn,2000,047,3,019300,5214
Brooklyn,2000,047,3,019400,3070
Brooklyn,2000,047,3,019500,3821
Brooklyn,2000,047,3,019600,3849
Brooklyn,2000,047,3,019700,3577
Brooklyn,2000,047,3,019800,1710
Brooklyn,2000,047,3,019900,2946
Brooklyn,2000,047,3,020000,1940
Brooklyn,2000,047,3,020100,3632
Brooklyn,2000,047,3,020200,1758
Brooklyn,2000,047,3,020300,1192
Brooklyn,2000,047,3,020400,1960
Brooklyn,2000,047,3,020500,2444
Brooklyn,2000,047,3,020600,2192
Brooklyn,2000,047,3,020700,4659
Brooklyn,2000,047,3,020800,2657
Brooklyn,2000,047,3,021000,3307
Brooklyn,2000,047,3,021100,1533
Brooklyn,2000,047,3,021200,3638
Brooklyn,2000,047,3,021300,4735
Brooklyn,2000,047,3,021400,1811
Brooklyn,2000,047,3,021500,5617
Brooklyn,2000,047,3,021600,3601
Brooklyn,2000,047,3,021700,3843
Brooklyn,2000,047,3,021800,3785
Brooklyn,2000,047,3,021900,3820
Brooklyn,2000,047,3,022000,4452
Brooklyn,2000,047,3,022100,3928
Brooklyn,2000,047,3,022200,4719
Brooklyn,2000,047,3,022400,4943
Brooklyn,2000,047,3,022600,2544
Brooklyn,2000,047,3,022700,3406
Brooklyn,2000,047,3,022800,3426
Brooklyn,2000,047,3,022900,3153
Brooklyn,2000,047,3,023000,4176
Brooklyn,2000,047,3,023100,2774
Brooklyn,2000,047,3,023200,6059
Brooklyn,2000,047,3,023300,4875
Brooklyn,2000,047,3,023400,4710
Brooklyn,2000,047,3,023500,1953
Brooklyn,2000,047,3,023600,5222
Brooklyn,2000,047,3,023800,4470
Brooklyn,2000,047,3,024000,4634
Brooklyn,2000,047,3,024100,1564
Brooklyn,2000,047,3,024200,2808
Brooklyn,2000,047,3,024300,3954
Brooklyn,2000,047,3,024400,3069
Brooklyn,2000,047,3,024500,3555
Brooklyn,2000,047,3,024600,2911
Brooklyn,2000,047,3,024700,2349
Brooklyn,2000,047,3,024800,2448
Brooklyn,2000,047,3,024900,4240
Brooklyn,2000,047,3,025000,1532
Brooklyn,2000,047,3,025100,3779
Brooklyn,2000,047,3,025200,4654
Brooklyn,2000,047,3,025300,2528
Brooklyn,2000,047,3,025400,3379
Brooklyn,2000,047,3,025500,5077
Brooklyn,2000,047,3,025600,2956
Brooklyn,2000,047,3,025700,2026
Brooklyn,2000,047,3,025800,4329
Brooklyn,2000,047,3,025901,1887
Brooklyn,2000,047,3,025902,3595
Brooklyn,2000,047,3,026000,3463
Brooklyn,2000,047,3,026100,4445
Brooklyn,2000,047,3,026200,2364
Brooklyn,2000,047,3,026300,1877
Brooklyn,2000,047,3,026400,4440
Brooklyn,2000,047,3,026500,3717
Brooklyn,2000,047,3,026600,3399
Brooklyn,2000,047,3,026700,4151
Brooklyn,2000,047,3,026800,4017
Brooklyn,2000,047,3,026900,2809
Brooklyn,2000,047,3,027000,2337
Brooklyn,2000,047,3,027100,2810
Brooklyn,2000,047,3,027200,3449
Brooklyn,2000,047,3,027300,3061
Brooklyn,2000,047,3,027400,2885
Brooklyn,2000,047,3,027500,4171
Brooklyn,2000,047,3,027600,3331
Brooklyn,2000,047,3,027700,4001
Brooklyn,2000,047,3,027800,2758
Brooklyn,2000,047,3,027900,3791
Brooklyn,2000,047,3,028000,1685
Brooklyn,2000,047,3,028100,3579
Brooklyn,2000,047,3,028200,2890
Brooklyn,2000,047,3,028300,3624
Brooklyn,2000,047,3,028400,3826
Brooklyn,2000,047,3,028501,1422
Brooklyn,2000,047,3,028502,2921
Brooklyn,2000,047,3,028600,4984
Brooklyn,2000,047,3,028700,2755
Brooklyn,2000,047,3,028800,3503
Brooklyn,2000,047,3,028900,3432
Brooklyn,2000,047,3,029000,3802
Brooklyn,2000,047,3,029100,2777
Brooklyn,2000,047,3,029200,2442
Brooklyn,2000,047,3,029300,3277
Brooklyn,2000,047,3,029400,2351
Brooklyn,2000,047,3,029500,3745
Brooklyn,2000,047,3,029600,5343
Brooklyn,2000,047,3,029700,3349
Brooklyn,2000,047,3,029800,3355
Brooklyn,2000,047,3,029900,1657
Brooklyn,2000,047,3,030000,3576
Brooklyn,2000,047,3,030100,2650
Brooklyn,2000,047,3,030200,3711
Brooklyn,2000,047,3,030300,3409
Brooklyn,2000,047,3,030400,3966
Brooklyn,2000,047,3,030500,4777
Brooklyn,2000,047,3,030600,1918
Brooklyn,2000,047,3,030700,3734
Brooklyn,2000,047,3,030800,1691
Brooklyn,2000,047,3,030900,1593
Brooklyn,2000,047,3,031100,2650
Brooklyn,2000,047,3,031300,4782
Brooklyn,2000,047,3,031400,4508
Brooklyn,2000,047,3,031500,5371
Brooklyn,2000,047,3,031701,3673
Brooklyn,2000,047,3,031702,3579
Brooklyn,2000,047,3,031900,3850
Brooklyn,2000,047,3,032100,5612
Brooklyn,2000,047,3,032300,3763
Brooklyn,2000,047,3,032500,6641
Brooklyn,2000,047,3,032600,7247
Brooklyn,2000,047,3,032700,3868
Brooklyn,2000,047,3,032800,3304
Brooklyn,2000,047,3,032900,5856
Brooklyn,2000,047,3,033000,5288
Brooklyn,2000,047,3,033100,4725
Brooklyn,2000,047,3,033300,4491
Brooklyn,2000,047,3,033500,3120
Brooklyn,2000,047,3,033600,5159
Brooklyn,2000,047,3,033700,4541
Brooklyn,2000,047,3,033900,4541
Brooklyn,2000,047,3,034000,2511
Brooklyn,2000,047,3,034100,2779
Brooklyn,2000,047,3,034200,7462
Brooklyn,2000,047,3,034300,5434
Brooklyn,2000,047,3,034500,2529
Brooklyn,2000,047,3,034700,3140
Brooklyn,2000,047,3,034800,2029
Brooklyn,2000,047,3,034900,5572
Brooklyn,2000,047,3,035000,3584
Brooklyn,2000,047,3,035100,5052
Brooklyn,2000,047,3,035200,1267
Brooklyn,2000,047,3,035300,5558
Brooklyn,2000,047,3,035400,5622
Brooklyn,2000,047,3,035500,5433
Brooklyn,2000,047,3,035601,2931
Brooklyn,2000,047,3,035602,5233
Brooklyn,2000,047,3,035700,2295
Brooklyn,2000,047,3,035900,5257
Brooklyn,2000,047,3,036001,3475
Brooklyn,2000,047,3,036002,4230
Brooklyn,2000,047,3,036100,2533
Brooklyn,2000,047,3,036200,5084
Brooklyn,2000,047,3,036300,3664
Brooklyn,2000,047,3,036400,2641
Brooklyn,2000,047,3,036501,2349
Brooklyn,2000,047,3,036502,996
Brooklyn,2000,047,3,036600,4449
Brooklyn,2000,047,3,036700,1373
Brooklyn,2000,047,3,036900,4912
Brooklyn,2000,047,3,037000,4062
Brooklyn,2000,047,3,037100,3982
Brooklyn,2000,047,3,037300,4199
Brooklyn,2000,047,3,037401,4384
Brooklyn,2000,047,3,037402,4827
Brooklyn,2000,047,3,037500,2831
Brooklyn,2000,047,3,037700,3827
Brooklyn,2000,047,3,037900,2827
Brooklyn,2000,047,3,038100,4849
Brooklyn,2000,047,3,038200,6161
Brooklyn,2000,047,3,038300,3999
Brooklyn,2000,047,3,038500,3628
Brooklyn,2000,047,3,038600,3377
Brooklyn,2000,047,3,038700,3581
Brooklyn,2000,047,3,038800,3804
Brooklyn,2000,047,3,038900,2287
Brooklyn,2000,047,3,039000,2192
Brooklyn,2000,047,3,039100,1467
Brooklyn,2000,047,3,039200,2789
Brooklyn,2000,047,3,039300,2800
Brooklyn,2000,047,3,039400,2526
Brooklyn,2000,047,3,039500,3636
Brooklyn,2000,047,3,039600,2030
Brooklyn,2000,047,3,039700,3237
Brooklyn,2000,047,3,039800,2391
Brooklyn,2000,047,3,039900,3777
Brooklyn,2000,047,3,040000,2948
Brooklyn,2000,047,3,040100,3157
Brooklyn,2000,047,3,040200,2564
Brooklyn,2000,047,3,040300,2981
Brooklyn,2000,047,3,040400,2109
Brooklyn,2000,047,3,040500,1335
Brooklyn,2000,047,3,040600,3089
Brooklyn,2000,047,3,040700,0
Brooklyn,2000,047,3,040800,2921
Brooklyn,2000,047,3,040900,3507
Brooklyn,2000,047,3,041000,1749
Brooklyn,2000,047,3,041100,2837
Brooklyn,2000,047,3,041200,2708
Brooklyn,2000,047,3,041300,3249
Brooklyn,2000,047,3,041401,1390
Brooklyn,2000,047,3,041402,1918
Brooklyn,2000,047,3,041500,3638
Brooklyn,2000,047,3,041600,2483
Brooklyn,2000,047,3,041700,3197
Brooklyn,2000,047,3,041800,2527
Brooklyn,2000,047,3,041900,3908
Brooklyn,2000,047,3,042000,2256
Brooklyn,2000,047,3,042100,3481
Brooklyn,2000,047,3,042200,3674
Brooklyn,2000,047,3,042300,2634
Brooklyn,2000,047,3,042400,3692
Brooklyn,2000,047,3,042500,2260
Brooklyn,2000,047,3,042600,3823
Brooklyn,2000,047,3,042700,5599
Brooklyn,2000,047,3,042800,3655
Brooklyn,2000,047,3,042900,5829
Brooklyn,2000,047,3,043000,3291
Brooklyn,2000,047,3,043100,5276
Brooklyn,2000,047,3,043200,3860
Brooklyn,2000,047,3,043300,3668
Brooklyn,2000,047,3,043400,3529
Brooklyn,2000,047,3,043500,4494
Brooklyn,2000,047,3,043600,4020
Brooklyn,2000,047,3,043700,5027
Brooklyn,2000,047,3,043800,2674
Brooklyn,2000,047,3,043900,3778
Brooklyn,2000,047,3,044000,2726
Brooklyn,2000,047,3,044100,5630
Brooklyn,2000,047,3,044200,2739
Brooklyn,2000,047,3,044300,5210
Brooklyn,2000,047,3,044400,3201
Brooklyn,2000,047,3,044500,4576
Brooklyn,2000,047,3,044600,1819
Brooklyn,2000,047,3,044700,1883
Brooklyn,2000,047,3,044800,2061
Brooklyn,2000,047,3,044900,3100
Brooklyn,2000,047,3,045000,738
Brooklyn,2000,047,3,045200,2817
Brooklyn,2000,047,3,045300,1616
Brooklyn,2000,047,3,045400,2110
Brooklyn,2000,047,3,045600,2330
Brooklyn,2000,047,3,045800,1513
Brooklyn,2000,047,3,046000,3668
Brooklyn,2000,047,3,046201,2447
Brooklyn,2000,047,3,046202,1490
Brooklyn,2000,047,3,046400,2537
Brooklyn,2000,047,3,046800,982
Brooklyn,2000,047,3,047000,3020
Brooklyn,2000,047,3,047200,2969
Brooklyn,2000,047,3,047400,2983
Brooklyn,2000,047,3,047600,3794
Brooklyn,2000,047,3,047700,2276
Brooklyn,2000,047,3,047800,4916
Brooklyn,2000,047,3,048000,3442
Brooklyn,2000,047,3,048100,2772
Brooklyn,2000,047,3,048200,5310
Brooklyn,2000,047,3,048400,5244
Brooklyn,2000,047,3,048500,1613
Brooklyn,2000,047,3,048600,3576
Brooklyn,2000,047,3,048800,4393
Brooklyn,2000,047,3,048900,4020
Brooklyn,2000,047,3,049000,6153
Brooklyn,2000,047,3,049100,5453
Brooklyn,2000,047,3,049200,3346
Brooklyn,2000,047,3,049300,7681
Brooklyn,2000,047,3,049400,5596
Brooklyn,2000,047,3,049500,2727
Brooklyn,2000,047,3,049600,4560
Brooklyn,2000,047,3,049700,2228
Brooklyn,2000,047,3,049800,4069
Brooklyn,2000,047,3,049900,1649
Brooklyn,2000,047,3,050000,3680
Brooklyn,2000,047,3,050100,2646
Brooklyn,2000,047,3,050202,2150
Brooklyn,2000,047,3,050300,2735
Brooklyn,2000,047,3,050400,4463
Brooklyn,2000,047,3,050500,4211
Brooklyn,2000,047,3,050600,6187
Brooklyn,2000,047,3,050700,728
Brooklyn,2000,047,3,050801,4342
Brooklyn,2000,047,3,050803,2896
Brooklyn,2000,047,3,050804,6646
Brooklyn,2000,047,3,050900,1838
Brooklyn,2000,047,3,051001,3829
Brooklyn,2000,047,3,051002,5444
Brooklyn,2000,047,3,051100,3730
Brooklyn,2000,047,3,051200,6871
Brooklyn,2000,047,3,051300,4362
Brooklyn,2000,047,3,051400,7692
Brooklyn,2000,047,3,051500,877
Brooklyn,2000,047,3,051601,5587
Brooklyn,2000,047,3,051602,4168
Brooklyn,2000,047,3,051700,1514
Brooklyn,2000,047,3,051800,3678
Brooklyn,2000,047,3,051900,3043
Brooklyn,2000,047,3,052000,4399
Brooklyn,2000,047,3,052300,5729
Brooklyn,2000,047,3,052500,3537
Brooklyn,2000,047,3,052600,4515
Brooklyn,2000,047,3,052700,7277
Brooklyn,2000,047,3,052800,2105
Brooklyn,2000,047,3,052900,4295
Brooklyn,2000,047,3,053000,3564
Brooklyn,2000,047,3,053100,2582
Brooklyn,2000,047,3,053200,2757
Brooklyn,2000,047,3,053300,7560
Brooklyn,2000,047,3,053400,4612
Brooklyn,2000,047,3,053500,4880
Brooklyn,2000,047,3,053700,1963
Brooklyn,2000,047,3,053800,4701
Brooklyn,2000,047,3,053900,3476
Brooklyn,2000,047,3,054200,4469
Brooklyn,2000,047,3,054300,38
Brooklyn,2000,047,3,054400,3705
Brooklyn,2000,047,3,054500,8257
Brooklyn,2000,047,3,054600,4571
Brooklyn,2000,047,3,054700,3364
Brooklyn,2000,047,3,054800,2077
Brooklyn,2000,047,3,054900,1488
Brooklyn,2000,047,3,055000,3572
Brooklyn,2000,047,3,055100,4313
Brooklyn,2000,047,3,055200,3489
Brooklyn,2000,047,3,055300,2583
Brooklyn,2000,047,3,055400,4284
Brooklyn,2000,047,3,055500,875
Brooklyn,2000,047,3,055600,3806
Brooklyn,2000,047,3,055700,1168
Brooklyn,2000,047,3,055800,2533
Brooklyn,2000,047,3,056000,3571
Brooklyn,2000,047,3,056100,3728
Brooklyn,2000,047,3,056200,1673
Brooklyn,2000,047,3,056300,4440
Brooklyn,2000,047,3,056400,2442
Brooklyn,2000,047,3,056500,3563
Brooklyn,2000,047,3,056600,2577
Brooklyn,2000,047,3,056800,1343
Brooklyn,2000,047,3,056900,1664
Brooklyn,2000,047,3,057000,3292
Brooklyn,2000,047,3,057100,5083
Brooklyn,2000,047,3,057200,5633
Brooklyn,2000,047,3,057300,2787
Brooklyn,2000,047,3,057400,2626
Brooklyn,2000,047,3,057500,5006
Brooklyn,2000,047,3,057600,2836
Brooklyn,2000,047,3,057800,2988
Brooklyn,2000,047,3,057900,1362
Brooklyn,2000,047,3,058000,3149
Brooklyn,2000,047,3,058200,2999
Brooklyn,2000,047,3,058400,3528
Brooklyn,2000,047,3,058600,2327
Brooklyn,2000,047,3,058800,3473
Brooklyn,2000,047,3,058900,1774
Brooklyn,2000,047,3,059000,1878
Brooklyn,2000,047,3,059100,4277
Brooklyn,2000,047,3,059200,3987
Brooklyn,2000,047,3,059300,2488
Brooklyn,2000,047,3,059401,7875
Brooklyn,2000,047,3,059402,4614
Brooklyn,2000,047,3,059600,2249
Brooklyn,2000,047,3,059800,3310
Brooklyn,2000,047,3,060000,6116
Brooklyn,2000,047,3,060600,2472
Brooklyn,2000,047,3,060800,3725
Brooklyn,2000,047,3,061002,2747
Brooklyn,2000,047,3,061003,1974
Brooklyn,2000,047,3,061004,6582
Brooklyn,2000,047,3,061200,1177
Brooklyn,2000,047,3,061600,1521
Brooklyn,2000,047,3,062000,1759
Brooklyn,2000,047,3,062200,3064
Brooklyn,2000,047,3,062600,2720
Brooklyn,2000,047,3,062800,5509
Brooklyn,2000,047,3,063200,1368
Brooklyn,2000,047,3,063600,1283
Brooklyn,2000,047,3,063800,1507
Brooklyn,2000,047,3,064000,1488
Brooklyn,2000,047,3,064200,2693
Brooklyn,2000,047,3,064400,2299
Brooklyn,2000,047,3,064600,2064
Brooklyn,2000,047,3,064800,1974
Brooklyn,2000,047,3,065000,1425
Brooklyn,2000,047,3,065200,1173
Brooklyn,2000,047,3,065400,1611
Brooklyn,2000,047,3,065600,1826
Brooklyn,2000,047,3,065800,1849
Brooklyn,2000,047,3,066000,1662
Brooklyn,2000,047,3,066200,1366
Brooklyn,2000,047,3,066600,1
Brooklyn,2000,047,3,067000,2364
Brooklyn,2000,047,3,067200,1319
Brooklyn,2000,047,3,067400,2009
Brooklyn,2000,047,3,067600,1738
Brooklyn,2000,047,3,067800,2637
Brooklyn,2000,047,3,068000,1780
Brooklyn,2000,047,3,068200,2238
Brooklyn,2000,047,3,068600,1546
Brooklyn,2000,047,3,068800,1559
Brooklyn,2000,047,3,069000,1773
Brooklyn,2000,047,3,069200,2353
Brooklyn,2000,047,3,069601,3344
Brooklyn,2000,047,3,069602,4583
Brooklyn,2000,047,3,069800,1394
Brooklyn,2000,047,3,070000,1736
Brooklyn,2000,047,3,070201,6502
Brooklyn,2000,047,3,070202,15
Brooklyn,2000,047,3,070203,0
Brooklyn,2000,047,3,070600,2876
Brooklyn,2000,047,3,072000,1643
Brooklyn,2000,047,3,072200,2853
Brooklyn,2000,047,3,072400,1984
Brooklyn,2000,047,3,072600,2535
Brooklyn,2000,047,3,072800,3777
Brooklyn,2000,047,3,073000,2327
Brooklyn,2000,047,3,073200,2345
Brooklyn,2000,047,3,073400,2165
Brooklyn,2000,047,3,073600,3356
Brooklyn,2000,047,3,073800,3306
Brooklyn,2000,047,3,074000,3623
Brooklyn,2000,047,3,074200,3348
Brooklyn,2000,047,3,074400,2349
Brooklyn,2000,047,3,074600,1985
Brooklyn,2000,047,3,074800,2094
Brooklyn,2000,047,3,075000,3148
Brooklyn,2000,047,3,075200,1260
Brooklyn,2000,047,3,075400,1600
Brooklyn,2000,047,3,075600,1974
Brooklyn,2000,047,3,075800,1877
Brooklyn,2000,047,3,076000,2993
Brooklyn,2000,047,3,076200,4671
Brooklyn,2000,047,3,076400,4192
Brooklyn,2000,047,3,076600,2297
Brooklyn,2000,047,3,076800,3601
Brooklyn,2000,047,3,077000,3063
Brooklyn,2000,047,3,077200,3325
Brooklyn,2000,047,3,077400,3121
Brooklyn,2000,047,3,077600,4123
Brooklyn,2000,047,3,078000,2555
Brooklyn,2000,047,3,078200,4320
Brooklyn,2000,047,3,078400,2740
Brooklyn,2000,047,3,078600,4469
Brooklyn,2000,047,3,078800,3775
Brooklyn,2000,047,3,079000,5908
Brooklyn,2000,047,3,079200,3815
Brooklyn,2000,047,3,079400,1932
Brooklyn,2000,047,3,079601,5195
Brooklyn,2000,047,3,079602,5189
Brooklyn,2000,047,3,079801,3579
Brooklyn,2000,047,3,079802,5512
Brooklyn,2000,047,3,080000,3927
Brooklyn,2000,047,3,080200,4817
Brooklyn,2000,047,3,080400,3380
Brooklyn,2000,047,3,080600,2770
Brooklyn,2000,047,3,080800,0
Brooklyn,2000,047,3,081000,2444
Brooklyn,2000,047,3,081400,3080
Brooklyn,2000,047,3,081600,3011
Brooklyn,2000,047,3,081800,5253
Brooklyn,2000,047,3,082000,5392
Brooklyn,2000,047,3,082200,7463
Brooklyn,2000,047,3,082400,4448
Brooklyn,2000,047,3,082600,6051
Brooklyn,2000,047,3,082800,3985
Brooklyn,2000,047,3,083000,6563
Brooklyn,2000,047,3,083200,2563
Brooklyn,2000,047,3,083400,2132
Brooklyn,2000,047,3,083600,2186
Brooklyn,2000,047,3,083800,2521
Brooklyn,2000,047,3,084000,2512
Brooklyn,2000,047,3,084600,2164
Brooklyn,2000,047,3,084800,1792
Brooklyn,2000,047,3,085000,1435
Brooklyn,2000,047,3,085200,0
Brooklyn,2000,047,3,085400,2210
Brooklyn,2000,047,3,085600,3898
Brooklyn,2000,047,3,085800,2443
Brooklyn,2000,047,3,086000,3665
Brooklyn,2000,047,3,086200,3395
Brooklyn,2000,047,3,086400,2134
Brooklyn,2000,047,3,086600,3215
Brooklyn,2000,047,3,086800,3438
Brooklyn,2000,047,3,087000,3216
Brooklyn,2000,047,3,087200,3627
Brooklyn,2000,047,3,087401,3315
Brooklyn,2000,047,3,087600,1707
Brooklyn,2000,047,3,087800,3165
Brooklyn,2000,047,3,088000,2721
Brooklyn,2000,047,3,088200,6761
Brooklyn,2000,047,3,088400,5097
Brooklyn,2000,047,3,088600,4650
Brooklyn,2000,047,3,088800,4124
Brooklyn,2000,047,3,089000,6566
Brooklyn,2000,047,3,089200,4012
Brooklyn,2000,047,3,089400,3664
Brooklyn,2000,047,3,089600,3654
Brooklyn,2000,047,3,089800,1530
Brooklyn,2000,047,3,090000,5520
Brooklyn,2000,047,3,090200,4884
Brooklyn,2000,047,3,090600,4151
Brooklyn,2000,047,3,090800,3376
Brooklyn,2000,047,3,091000,5642
Brooklyn,2000,047,3,091200,7340
Brooklyn,2000,047,3,091600,4238
Brooklyn,2000,047,3,091800,2847
Brooklyn,2000,047,3,092000,2892
Brooklyn,2000,047,3,092200,2865
Brooklyn,2000,047,3,092400,2484
Brooklyn,2000,047,3,092800,2801
Brooklyn,2000,047,3,093000,2775
Brooklyn,2000,047,3,093200,1356
Brooklyn,2000,047,3,093400,2402
Brooklyn,2000,047,3,093600,1876
Brooklyn,2000,047,3,093800,2654
Brooklyn,2000,047,3,094401,3350
Brooklyn,2000,047,3,094402,2826
Brooklyn,2000,047,3,094600,2090
Brooklyn,2000,047,3,095000,3182
Brooklyn,2000,047,3,095400,4742
Brooklyn,2000,047,3,095600,3966
Brooklyn,2000,047,3,095800,3351
Brooklyn,2000,047,3,096000,3
Brooklyn,2000,047,3,096200,1674
Brooklyn,2000,047,3,096400,2161
Brooklyn,2000,047,3,096600,2128
Brooklyn,2000,047,3,096800,1395
Brooklyn,2000,047,3,097000,2078
Brooklyn,2000,047,3,097400,2599
Brooklyn,2000,047,3,098200,4542
Brooklyn,2000,047,3,098400,2066
Brooklyn,2000,047,3,098600,3128
Brooklyn,2000,047,3,098800,3074
Brooklyn,2000,047,3,099000,1531
Brooklyn,2000,047,3,099200,1847
Brooklyn,2000,047,3,099400,1930
Brooklyn,2000,047,3,099600,3875
Brooklyn,2000,047,3,099800,3736
Brooklyn,2000,047,3,100400,2779
Brooklyn,2000,047,3,100600,2581
Brooklyn,2000,047,3,100800,2087
Brooklyn,2000,047,3,101000,2155
Brooklyn,2000,047,3,101200,2016
Brooklyn,2000,047,3,101400,2189
Brooklyn,2000,047,3,101600,1572
Brooklyn,2000,047,3,101800,2020
Brooklyn,2000,047,3,102000,2055
Brooklyn,2000,047,3,102200,2106
Brooklyn,2000,047,3,102400,2044
Brooklyn,2000,047,3,102600,2775
Brooklyn,2000,047,3,102800,1772
Brooklyn,2000,047,3,103400,3899
Brooklyn,2000,047,3,105801,7858
Brooklyn,2000,047,3,105804,6763
Brooklyn,2000,047,3,107000,294
Brooklyn,2000,047,3,107800,4428
Brooklyn,2000,047,3,109800,1488
Brooklyn,2000,047,3,110400,4018
Brooklyn,2000,047,3,110600,4277
Brooklyn,2000,047,3,111000,3508
Brooklyn,2000,047,3,111600,2315
Brooklyn,2000,047,3,111800,2623
Brooklyn,2000,047,3,112000,3142
Brooklyn,2000,047,3,112200,2914
Brooklyn,2000,047,3,112400,3253
Brooklyn,2000,047,3,112600,3626
Brooklyn,2000,047,3,112800,3937
Brooklyn,2000,047,3,113000,3544
Brooklyn,2000,047,3,113200,1387
Brooklyn,2000,047,3,113400,2998
Brooklyn,2000,047,3,114201,1736
Brooklyn,2000,047,3,114202,2508
Brooklyn,2000,047,3,114400,2213
Brooklyn,2000,047,3,114600,3036
Brooklyn,2000,047,3,115000,1763
Brooklyn,2000,047,3,115200,2525
Brooklyn,2000,047,3,115600,4076
Brooklyn,2000,047,3,115800,2929
Brooklyn,2000,047,3,116000,2604
Brooklyn,2000,047,3,116200,2290
Brooklyn,2000,047,3,116400,2766
Brooklyn,2000,047,3,116600,2599
Brooklyn,2000,047,3,116800,1957
Brooklyn,2000,047,3,117000,1837
Brooklyn,2000,047,3,117201,2914
Brooklyn,2000,047,3,117202,4287
Brooklyn,2000,047,3,117400,4268
Brooklyn,2000,047,3,117601,2664
Brooklyn,2000,047,3,117602,3173
Brooklyn,2000,047,3,117800,1715
Brooklyn,2000,047,3,118000,0
Brooklyn,2000,047,3,118201,2902
Brooklyn,2000,047,3,118202,3057
Brooklyn,2000,047,3,118400,5106
Brooklyn,2000,047,3,118600,3133
Brooklyn,2000,047,3,118800,4560
Brooklyn,2000,047,3,119000,1986
Brooklyn,2000,047,3,119200,2400
Brooklyn,2000,047,3,119400,3371
Brooklyn,2000,047,3,119600,4972
Brooklyn,2000,047,3,119800,3190
Brooklyn,2000,047,3,120000,2247
Brooklyn,2000,047,3,120200,1916
Brooklyn,2000,047,3,120800,8483
Brooklyn,2000,047,3,121000,3986
Brooklyn,2000,047,3,121400,4384
Brooklyn,2000,047,3,122000,2555
Brooklyn,2000,047,3,123700,1838
Brooklyn,2000,047,3,150200,2237
Brooklyn,2000,047,3,152200,3407
Brooklyn,2000,047,3,990100,0
Manhattan,2000,061,1,000100,0
Manhattan,2000,061,1,000201,3329
Manhattan,2000,061,1,000202,6837
Manhattan,2000,061,1,000500,2
Manhattan,2000,061,1,000600,12276
Manhattan,2000,061,1,000700,907
Manhattan,2000,061,1,000800,10917
Manhattan,2000,061,1,000900,1124
Manhattan,2000,061,1,001001,1361
Manhattan,2000,061,1,001002,6733
Manhattan,2000,061,1,001200,3466
Manhattan,2000,061,1,001300,1607
Manhattan,2000,061,1,001401,2962
Manhattan,2000,061,1,001402,3019
Manhattan,2000,061,1,001501,4562
Manhattan,2000,061,1,001502,3937
Manhattan,2000,061,1,001600,9598
Manhattan,2000,061,1,001800,10157
Manhattan,2000,061,1,002000,5174
Manhattan,2000,061,1,002100,2407
Manhattan,2000,061,1,002201,6646
Manhattan,2000,061,1,002202,1556
Manhattan,2000,061,1,002400,5080
Manhattan,2000,061,1,002500,5209
Manhattan,2000,061,1,002601,3400
Manhattan,2000,061,1,002602,3718
Manhattan,2000,061,1,002700,1517
Manhattan,2000,061,1,002800,6701
Manhattan,2000,061,1,002900,7422
Manhattan,2000,061,1,003001,4275
Manhattan,2000,061,1,003002,3281
Manhattan,2000,061,1,003100,1726
Manhattan,2000,061,1,003200,8016
Manhattan,2000,061,1,003300,3696
Manhattan,2000,061,1,003400,6561
Manhattan,2000,061,1,003601,3280
Manhattan,2000,061,1,003602,2372
Manhattan,2000,061,1,003700,2256
Manhattan,2000,061,1,003800,9162
Manhattan,2000,061,1,003900,4292
Manhattan,2000,061,1,004000,8690
Manhattan,2000,061,1,004100,8957
Manhattan,2000,061,1,004200,3664
Manhattan,2000,061,1,004300,4884
Manhattan,2000,061,1,004400,15112
Manhattan,2000,061,1,004500,1066
Manhattan,2000,061,1,004700,2463
Manhattan,2000,061,1,004800,6402
Manhattan,2000,061,1,004900,5010
Manhattan,2000,061,1,005000,5695
Manhattan,2000,061,1,005200,3741
Manhattan,2000,061,1,005400,3955
Manhattan,2000,061,1,005501,4907
Manhattan,2000,061,1,005502,2187
Manhattan,2000,061,1,005600,2577
Manhattan,2000,061,1,005700,2535
Manhattan,2000,061,1,005800,659
Manhattan,2000,061,1,005900,5581
Manhattan,2000,061,1,006000,3989
Manhattan,2000,061,1,006100,5101
Manhattan,2000,061,1,006200,5077
Manhattan,2000,061,1,006300,6265
Manhattan,2000,061,1,006400,7334
Manhattan,2000,061,1,006500,6690
Manhattan,2000,061,1,006600,11841
Manhattan,2000,061,1,006700,5645
Manhattan,2000,061,1,006800,6753
Manhattan,2000,061,1,006900,2341
Manhattan,2000,061,1,007000,7763
Manhattan,2000,061,1,007100,5620
Manhattan,2000,061,1,007200,8111
Manhattan,2000,061,1,007300,6699
Manhattan,2000,061,1,007400,3712
Manhattan,2000,061,1,007500,4168
Manhattan,2000,061,1,007600,2493
Manhattan,2000,061,1,007700,6146
Manhattan,2000,061,1,007800,7471
Manhattan,2000,061,1,007900,4598
Manhattan,2000,061,1,008000,5392
Manhattan,2000,061,1,008100,7359
Manhattan,2000,061,1,008200,2764
Manhattan,2000,061,1,008300,3477
Manhattan,2000,061,1,008400,1041
Manhattan,2000,061,1,008601,2656
Manhattan,2000,061,1,008602,0
Manhattan,2000,061,1,008603,4613
Manhattan,2000,061,1,008700,4626
Manhattan,2000,061,1,008800,7345
Manhattan,2000,061,1,008900,5320
Manhattan,2000,061,1,009000,7599
Manhattan,2000,061,1,009100,4553
Manhattan,2000,061,1,009200,1334
Manhattan,2000,061,1,009300,8714
Manhattan,2000,061,1,009400,51
Manhattan,2000,061,1,009500,2694
Manhattan,2000,061,1,009600,210
Manhattan,2000,061,1,009700,4852
Manhattan,2000,061,1,009800,7066
Manhattan,2000,061,1,009900,1155
Manhattan,2000,061,1,010000,1822
Manhattan,2000,061,1,010100,239
Manhattan,2000,061,1,010200,269
Manhattan,2000,061,1,010300,1463
Manhattan,2000,061,1,010400,1097
Manhattan,2000,061,1,010601,7968
Manhattan,2000,061,1,010602,3949
Manhattan,2000,061,1,010800,8079
Manhattan,2000,061,1,010900,208
Manhattan,2000,061,1,011000,6732
Manhattan,2000,061,1,011100,3048
Manhattan,2000,061,1,011201,1041
Manhattan,2000,061,1,011202,380
Manhattan,2000,061,1,011203,1255
Manhattan,2000,061,1,011300,322
Manhattan,2000,061,1,011401,1484
Manhattan,2000,061,1,011402,2367
Manhattan,2000,061,1,011500,1467
Manhattan,2000,061,1,011600,3860
Manhattan,2000,061,1,011700,340
Manhattan,2000,061,1,011800,8605
Manhattan,2000,061,1,011900,1405
Manhattan,2000,061,1,012000,3965
Manhattan,2000,061,1,012100,8288
Manhattan,2000,061,1,012200,3914
Manhattan,2000,061,1,012400,10714
Manhattan,2000,061,1,012500,1762
Manhattan,2000,061,1,012600,12895
Manhattan,2000,061,1,012700,7278
Manhattan,2000,061,1,012800,6639
Manhattan,2000,061,1,012900,4457
Manhattan,2000,061,1,013000,4622
Manhattan,2000,061,1,013100,2086
Manhattan,2000,061,1,013200,9690
Manhattan,2000,061,1,013300,5805
Manhattan,2000,061,1,013400,10666
Manhattan,2000,061,1,013500,3505
Manhattan,2000,061,1,013600,15354
Manhattan,2000,061,1,013700,6797
Manhattan,2000,061,1,013800,12612
Manhattan,2000,061,1,013900,9795
Manhattan,2000,061,1,014000,7754
Manhattan,2000,061,1,014200,4980
Manhattan,2000,061,1,014300,18
Manhattan,2000,061,1,014401,4887
Manhattan,2000,061,1,014402,6359
Manhattan,2000,061,1,014500,4411
Manhattan,2000,061,1,014601,3846
Manhattan,2000,061,1,014602,8257
Manhattan,2000,061,1,014700,2231
Manhattan,2000,061,1,014801,2903
Manhattan,2000,061,1,014802,6947
Manhattan,2000,061,1,014900,5956
Manhattan,2000,061,1,015001,2247
Manhattan,2000,061,1,015002,5866
Manhattan,2000,061,1,015100,7091
Manhattan,2000,061,1,015200,6909
Manhattan,2000,061,1,015300,9040
Manhattan,2000,061,1,015400,13058
Manhattan,2000,061,1,015500,6256
Manhattan,2000,061,1,015601,5486
Manhattan,2000,061,1,015602,1598
Manhattan,2000,061,1,015700,10961
Manhattan,2000,061,1,015801,5804
Manhattan,2000,061,1,015802,3190
Manhattan,2000,061,1,015900,9293
Manhattan,2000,061,1,016001,4172
Manhattan,2000,061,1,016002,3164
Manhattan,2000,061,1,016100,6710
Manhattan,2000,061,1,016200,10067
Manhattan,2000,061,1,016300,6844
Manhattan,2000,061,1,016400,5986
Manhattan,2000,061,1,016500,6618
Manhattan,2000,061,1,016600,7327
Manhattan,2000,061,1,016700,6943
Manhattan,2000,061,1,016800,4158
Manhattan,2000,061,1,016900,8641
Manhattan,2000,061,1,017000,8157
Manhattan,2000,061,1,017100,9624
Manhattan,2000,061,1,017200,5258
Manhattan,2000,061,1,017300,8991
Manhattan,2000,061,1,017401,5821
Manhattan,2000,061,1,017402,2173
Manhattan,2000,061,1,017500,10725
Manhattan,2000,061,1,017700,9618
Manhattan,2000,061,1,017800,4096
Manhattan,2000,061,1,017900,9497
Manhattan,2000,061,1,018000,7851
Manhattan,2000,061,1,018100,9082
Manhattan,2000,061,1,018200,6859
Manhattan,2000,061,1,018300,9112
Manhattan,2000,061,1,018400,6006
Manhattan,2000,061,1,018500,3783
Manhattan,2000,061,1,018600,5736
Manhattan,2000,061,1,018700,9806
Manhattan,2000,061,1,018800,6471
Manhattan,2000,061,1,018900,11883
Manhattan,2000,061,1,019000,1818
Manhattan,2000,061,1,019100,9077
Manhattan,2000,061,1,019200,3818
Manhattan,2000,061,1,019300,9416
Manhattan,2000,061,1,019400,6845
Manhattan,2000,061,1,019500,8067
Manhattan,2000,061,1,019600,3751
Manhattan,2000,061,1,019701,23
Manhattan,2000,061,1,019702,2088
Manhattan,2000,061,1,019800,1517
Manhattan,2000,061,1,019900,9077
Manhattan,2000,061,1,020000,2413
Manhattan,2000,061,1,020101,2215
Manhattan,2000,061,1,020102,3594
Manhattan,2000,061,1,020300,3583
Manhattan,2000,061,1,020500,5113
Manhattan,2000,061,1,020600,2310
Manhattan,2000,061,1,020701,2548
Manhattan,2000,061,1,020800,4071
Manhattan,2000,061,1,020901,3448
Manhattan,2000,061,1,021000,6623
Manhattan,2000,061,1,021100,10718
Manhattan,2000,061,1,021200,4166
Manhattan,2000,061,1,021303,5941
Manhattan,2000,061,1,021400,3161
Manhattan,2000,061,1,021500,2925
Manhattan,2000,061,1,021600,7986
Manhattan,2000,061,1,021703,1
Manhattan,2000,061,1,021800,5018
Manhattan,2000,061,1,021900,6423
Manhattan,2000,061,1,022000,5068
Manhattan,2000,061,1,022102,2050
Manhattan,2000,061,1,022200,2412
Manhattan,2000,061,1,022301,8410
Manhattan,2000,061,1,022302,3997
Manhattan,2000,061,1,022400,6211
Manhattan,2000,061,1,022500,11108
Manhattan,2000,061,1,022600,3601
Manhattan,2000,061,1,022700,5195
Manhattan,2000,061,1,022800,4636
Manhattan,2000,061,1,022900,8843
Manhattan,2000,061,1,023000,7965
Manhattan,2000,061,1,023100,5961
Manhattan,2000,061,1,023200,8344
Manhattan,2000,061,1,023300,6054
Manhattan,2000,061,1,023400,3530
Manhattan,2000,061,1,023501,6134
Manhattan,2000,061,1,023502,2040
Manhattan,2000,061,1,023600,5688
Manhattan,2000,061,1,023700,7260
Manhattan,2000,061,1,023801,1010
Manhattan,2000,061,1,023802,8510
Manhattan,2000,061,1,023900,2686
Manhattan,2000,061,1,024000,1386
Manhattan,2000,061,1,024100,8295
Manhattan,2000,061,1,024200,3311
Manhattan,2000,061,1,024301,4296
Manhattan,2000,061,1,024302,7386
Manhattan,2000,061,1,024500,15838
Manhattan,2000,061,1,024700,7762
Manhattan,2000,061,1,024900,1150
Manhattan,2000,061,1,025100,2995
Manhattan,2000,061,1,025300,12753
Manhattan,2000,061,1,025500,6885
Manhattan,2000,061,1,025700,2942
Manhattan,2000,061,1,025900,1932
Manhattan,2000,061,1,026100,13080
Manhattan,2000,061,1,026300,9811
Manhattan,2000,061,1,026500,8120
Manhattan,2000,061,1,026700,1923
Manhattan,2000,061,1,026900,9931
Manhattan,2000,061,1,027100,8897
Manhattan,2000,061,1,027300,6265
Manhattan,2000,061,1,027500,2718
Manhattan,2000,061,1,027700,8112
Manhattan,2000,061,1,027900,11764
Manhattan,2000,061,1,028100,2548
Manhattan,2000,061,1,028300,8370
Manhattan,2000,061,1,028500,8391
Manhattan,2000,061,1,028700,4538
Manhattan,2000,061,1,029100,12413
Manhattan,2000,061,1,029300,9522
Manhattan,2000,061,1,029500,7588
Manhattan,2000,061,1,029700,0
Manhattan,2000,061,1,029900,3979
Manhattan,2000,061,1,030300,4178
Manhattan,2000,061,1,030700,3587
Manhattan,2000,061,1,030900,7820
Manhattan,2000,061,1,031100,19
Manhattan,2000,061,1,031703,1574
Manhattan,2000,061,1,031704,6377
Manhattan,2000,061,1,031900,237
Queens,2000,081,4,000100,1370
Queens,2000,081,4,000200,2941
Queens,2000,081,4,000400,4747
Queens,2000,081,4,000600,3717
Queens,2000,081,4,000700,4030
Queens,2000,081,4,000800,3186
Queens,2000,081,4,001000,3170
Queens,2000,081,4,001200,3797
Queens,2000,081,4,001400,3268
Queens,2000,081,4,001600,2688
Queens,2000,081,4,001800,2795
Queens,2000,081,4,001900,794
Queens,2000,081,4,002000,1332
Queens,2000,081,4,002200,2409
Queens,2000,081,4,002400,2163
Queens,2000,081,4,002500,6597
Queens,2000,081,4,002600,2132
Queens,2000,081,4,002800,3083
Queens,2000,081,4,003000,1364
Queens,2000,081,4,003100,1736
Queens,2000,081,4,003200,1547
Queens,2000,081,4,003300,2283
Queens,2000,081,4,003400,2332
Queens,2000,081,4,003600,3099
Queens,2000,081,4,003700,1414
Queens,2000,081,4,003800,2213
Queens,2000,081,4,003900,1516
Queens,2000,081,4,004001,1786
Queens,2000,081,4,004002,1254
Queens,2000,081,4,004200,3740
Queens,2000,081,4,004300,2571
Queens,2000,081,4,004401,3244
Queens,2000,081,4,004500,3165
Queens,2000,081,4,004700,4436
Queens,2000,081,4,005000,0
Queens,2000,081,4,005100,2526
Queens,2000,081,4,005200,2415
Queens,2000,081,4,005300,5966
Queens,2000,081,4,005400,5247
Queens,2000,081,4,005500,1216
Queens,2000,081,4,005700,4904
Queens,2000,081,4,005800,5569
Queens,2000,081,4,005900,4779
Queens,2000,081,4,006100,6749
Queens,2000,081,4,006201,5451
Queens,2000,081,4,006202,6094
Queens,2000,081,4,006300,7029
Queens,2000,081,4,006501,4275
Queens,2000,081,4,006502,4515
Queens,2000,081,4,006900,4537
Queens,2000,081,4,007100,4572
Queens,2000,081,4,007300,4881
Queens,2000,081,4,007500,4518
Queens,2000,081,4,007700,1330
Queens,2000,081,4,007900,3489
Queens,2000,081,4,008100,978
Queens,2000,081,4,008300,3114
Queens,2000,081,4,008500,1245
Queens,2000,081,4,008600,2703
Queens,2000,081,4,008700,4545
Queens,2000,081,4,008800,3035
Queens,2000,081,4,009100,2731
Queens,2000,081,4,009400,3105
Queens,2000,081,4,009500,2742
Queens,2000,081,4,009600,3378
Queens,2000,081,4,009700,3593
Queens,2000,081,4,009800,2944
Queens,2000,081,4,009900,0
Queens,2000,081,4,010000,3475
Queens,2000,081,4,010100,3002
Queens,2000,081,4,010200,2738
Queens,2000,081,4,010300,4847
Queens,2000,081,4,010400,3481
Queens,2000,081,4,010500,4705
Queens,2000,081,4,010600,3482
Queens,2000,081,4,010701,0
Queens,2000,081,4,010800,3035
Queens,2000,081,4,011000,3101
Queens,2000,081,4,011100,3132
Queens,2000,081,4,011200,2246
Queens,2000,081,4,011300,5256
Queens,2000,081,4,011400,1120
Queens,2000,081,4,011500,2756
Queens,2000,081,4,011600,2066
Queens,2000,081,4,011700,4366
Queens,2000,081,4,011800,2425
Queens,2000,081,4,011900,1975
Queens,2000,081,4,012000,2539
Queens,2000,081,4,012100,2570
Queens,2000,081,4,012200,3101
Queens,2000,081,4,012301,3402
Queens,2000,081,4,012400,2936
Queens,2000,081,4,012500,1889
Queens,2000,081,4,012601,2434
Queens,2000,081,4,012602,2536
Queens,2000,081,4,012800,2073
Queens,2000,081,4,013000,1670
Queens,2000,081,4,013200,1785
Queens,2000,081,4,013400,5522
Queens,2000,081,4,013500,1764
Queens,2000,081,4,013600,2181
Queens,2000,081,4,013700,1474
Queens,2000,081,4,013800,3606
Queens,2000,081,4,014000,4183
Queens,2000,081,4,014100,1976
Queens,2000,081,4,014201,4374
Queens,2000,081,4,014202,2953
Queens,2000,081,4,014300,4509
Queens,2000,081,4,014400,1966
Queens,2000,081,4,014500,2282
Queens,2000,081,4,014700,3268
Queens,2000,081,4,014800,2276
Queens,2000,081,4,014900,3133
Queens,2000,081,4,015000,2518
Queens,2000,081,4,015100,3148
Queens,2000,081,4,015200,2662
Queens,2000,081,4,015300,2622
Queens,2000,081,4,015400,2362
Queens,2000,081,4,015500,2675
Queens,2000,081,4,015600,3429
Queens,2000,081,4,015700,1635
Queens,2000,081,4,015801,3853
Queens,2000,081,4,015802,4908
Queens,2000,081,4,015900,4754
Queens,2000,081,4,016100,2908
Queens,2000,081,4,016300,4546
Queens,2000,081,4,016400,3607
Queens,2000,081,4,016600,3723
Queens,2000,081,4,016800,2943
Queens,2000,081,4,016900,5579
Queens,2000,081,4,017000,2375
Queens,2000,081,4,017100,21
Queens,2000,081,4,017200,2230
Queens,2000,081,4,017400,2396
Queens,2000,081,4,017600,2011
Queens,2000,081,4,017800,1911
Queens,2000,081,4,017900,1135
Queens,2000,081,4,018000,1099
Queens,2000,081,4,018101,4636
Queens,2000,081,4,018102,4279
Queens,2000,081,4,018200,2238
Queens,2000,081,4,018300,6766
Queens,2000,081,4,018401,2370
Queens,2000,081,4,018402,2186
Queens,2000,081,4,018501,3627
Queens,2000,081,4,018502,4102
Queens,2000,081,4,018600,1742
Queens,2000,081,4,018700,3142
Queens,2000,081,4,018800,1266
Queens,2000,081,4,018900,3594
Queens,2000,081,4,019000,2226
Queens,2000,081,4,019200,2000
Queens,2000,081,4,019400,2750
Queens,2000,081,4,019600,2695
Queens,2000,081,4,019800,2782
Queens,2000,081,4,019900,1334
Queens,2000,081,4,020200,1409
Queens,2000,081,4,020400,1936
Queens,2000,081,4,020500,1241
Queens,2000,081,4,020600,1758
Queens,2000,081,4,020800,2551
Queens,2000,081,4,021200,2701
Queens,2000,081,4,021400,6227
Queens,2000,081,4,021600,4701
Queens,2000,081,4,021900,36
Queens,2000,081,4,022001,6743
Queens,2000,081,4,022002,5096
Queens,2000,081,4,022900,35
Queens,2000,081,4,023000,1742
Queens,2000,081,4,023200,5011
Queens,2000,081,4,023500,8426
Queens,2000,081,4,023600,2816
Queens,2000,081,4,023800,5273
Queens,2000,081,4,024000,5748
Queens,2000,081,4,024300,5240
Queens,2000,081,4,024500,4675
Queens,2000,081,4,024600,0
Queens,2000,081,4,024700,1502
Queens,2000,081,4,024900,5095
Queens,2000,081,4,025100,5501
Queens,2000,081,4,025301,5016
Queens,2000,081,4,025302,2819
Queens,2000,081,4,025400,7015
Queens,2000,081,4,025500,1849
Queens,2000,081,4,025700,1504
Queens,2000,081,4,025800,1671
Queens,2000,081,4,025900,3365
Queens,2000,081,4,026000,1636
Queens,2000,081,4,026100,7233
Queens,2000,081,4,026200,1144
Queens,2000,081,4,026300,6003
Queens,2000,081,4,026400,2181
Queens,2000,081,4,026500,4534
Queens,2000,081,4,026600,1799
Queens,2000,081,4,026700,6415
Queens,2000,081,4,026901,5922
Queens,2000,081,4,026902,4591
Queens,2000,081,4,027000,1468
Queens,2000,081,4,027100,8911
Queens,2000,081,4,027200,2184
Queens,2000,081,4,027300,9459
Queens,2000,081,4,027400,1834
Queens,2000,081,4,027500,7115
Queens,2000,081,4,027600,1223
Queens,2000,081,4,027700,9360
Queens,2000,081,4,027800,2262
Queens,2000,081,4,027900,6763
Queens,2000,081,4,028000,1698
Queens,2000,081,4,028100,6120
Queens,2000,081,4,028200,1318
Queens,2000,081,4,028300,8241
Queens,2000,081,4,028400,3243
Queens,2000,081,4,028500,4979
Queens,2000,081,4,028700,6545
Queens,2000,081,4,028800,4366
Queens,2000,081,4,028900,5484
Queens,2000,081,4,029100,7120
Queens,2000,081,4,029300,1368
Queens,2000,081,4,029400,6164
Queens,2000,081,4,029500,3790
Queens,2000,081,4,029700,1961
Queens,2000,081,4,029900,12
Queens,2000,081,4,030600,3909
Queens,2000,081,4,030902,7949
Queens,2000,081,4,030903,6614
Queens,2000,081,4,030904,3939
Queens,2000,081,4,031700,6131
Queens,2000,081,4,032000,4585
Queens,2000,081,4,032700,4285
Queens,2000,081,4,032800,2155
Queens,2000,081,4,032900,4067
Queens,2000,081,4,033000,6083
Queens,2000,081,4,033100,0
Queens,2000,081,4,033401,2538
Queens,2000,081,4,033402,13194
Queens,2000,081,4,033700,3860
Queens,2000,081,4,033900,3703
Queens,2000,081,4,034700,3436
Queens,2000,081,4,035100,4288
Queens,2000,081,4,035200,2519
Queens,2000,081,4,035300,2658
Queens,2000,081,4,035700,4306
Queens,2000,081,4,035800,3923
Queens,2000,081,4,036100,2246
Queens,2000,081,4,036300,2179
Queens,2000,081,4,036500,3184
Queens,2000,081,4,036600,2638
Queens,2000,081,4,036700,2822
Queens,2000,081,4,036800,2501
Queens,2000,081,4,037100,1562
Queens,2000,081,4,037300,2226
Queens,2000,081,4,037500,4073
Queens,2000,081,4,037600,5975
Queens,2000,081,4,037700,3579
Queens,2000,081,4,037900,4631
Queens,2000,081,4,038100,5298
Queens,2000,081,4,038301,1
Queens,2000,081,4,038302,1598
Queens,2000,081,4,038400,2608
Queens,2000,081,4,039400,2857
Queens,2000,081,4,039800,1762
Queens,2000,081,4,039900,3589
Queens,2000,081,4,040000,1416
Queens,2000,081,4,040100,6758
Queens,2000,081,4,040200,1453
Queens,2000,081,4,040300,6412
Queens,2000,081,4,040400,3959
Queens,2000,081,4,040500,3303
Queens,2000,081,4,040700,7904
Queens,2000,081,4,040900,5198
Queens,2000,081,4,041100,3623
Queens,2000,081,4,041300,3536
Queens,2000,081,4,041400,3637
Queens,2000,081,4,041500,3604
Queens,2000,081,4,042400,2464
Queens,2000,081,4,042600,0
Queens,2000,081,4,042700,3822
Queens,2000,081,4,043200,1584
Queens,2000,081,4,043400,1635
Queens,2000,081,4,043701,3161
Queens,2000,081,4,043702,6160
Queens,2000,081,4,043900,3663
Queens,2000,081,4,044000,3359
Queens,2000,081,4,044301,3412
Queens,2000,081,4,044302,4935
Queens,2000,081,4,044400,2460
Queens,2000,081,4,044601,2462
Queens,2000,081,4,044602,4128
Queens,2000,081,4,044800,2371
Queens,2000,081,4,045000,1909
Queens,2000,081,4,045200,1229
Queens,2000,081,4,045400,4246
Queens,2000,081,4,045500,12577
Queens,2000,081,4,045600,1285
Queens,2000,081,4,045700,3395
Queens,2000,081,4,045800,1894
Queens,2000,081,4,045900,3885
Queens,2000,081,4,046000,5718
Queens,2000,081,4,046100,2791
Queens,2000,081,4,046200,6576
Queens,2000,081,4,046300,4021
Queens,2000,081,4,046400,1356
Queens,2000,081,4,046500,4398
Queens,2000,081,4,046600,2831
Queens,2000,081,4,046700,7108
Queens,2000,081,4,046800,4064
Queens,2000,081,4,046900,9282
Queens,2000,081,4,047000,3824
Queens,2000,081,4,047100,4001
Queens,2000,081,4,047200,4078
Queens,2000,081,4,047300,3830
Queens,2000,081,4,047500,4130
Queens,2000,081,4,047600,1466
Queens,2000,081,4,047800,5586
Queens,2000,081,4,047900,5273
Queens,2000,081,4,048000,2650
Queens,2000,081,4,048100,6782
Queens,2000,081,4,048200,1608
Queens,2000,081,4,048300,3751
Queens,2000,081,4,048400,5282
Queens,2000,081,4,048500,4318
Queens,2000,081,4,048900,1222
Queens,2000,081,4,049200,5194
Queens,2000,081,4,049301,1839
Queens,2000,081,4,049302,2775
Queens,2000,081,4,049500,1288
Queens,2000,081,4,049600,3463
Queens,2000,081,4,049700,2638
Queens,2000,081,4,049900,4212
Queens,2000,081,4,050000,4013
Queens,2000,081,4,050201,1345
Queens,2000,081,4,050202,1449
Queens,2000,081,4,050400,1750
Queens,2000,081,4,050500,1652
Queens,2000,081,4,050600,1562
Queens,2000,081,4,050700,3127
Queens,2000,081,4,050800,2059
Queens,2000,081,4,051000,1679
Queens,2000,081,4,051100,2045
Queens,2000,081,4,051200,2885
Queens,2000,081,4,051300,2099
Queens,2000,081,4,051500,2798
Queens,2000,081,4,051600,2143
Queens,2000,081,4,051700,1763
Queens,2000,081,4,051800,2110
Queens,2000,081,4,052000,1701
Queens,2000,081,4,052100,1906
Queens,2000,081,4,052200,1478
Queens,2000,081,4,052400,1889
Queens,2000,081,4,052500,1877
Queens,2000,081,4,052600,1867
Queens,2000,081,4,052800,1484
Queens,2000,081,4,053000,2227
Queens,2000,081,4,053100,3322
Queens,2000,081,4,053200,1855
Queens,2000,081,4,053401,2195
Queens,2000,081,4,053500,1117
Queens,2000,081,4,053601,1827
Queens,2000,081,4,053800,1952
Queens,2000,081,4,053900,3951
Queens,2000,081,4,054000,4496
Queens,2000,081,4,054200,5709
Queens,2000,081,4,054500,3932
Queens,2000,081,4,054700,4717
Queens,2000,081,4,054800,2392
Queens,2000,081,4,054900,5322
Queens,2000,081,4,055100,4679
Queens,2000,081,4,055200,3434
Queens,2000,081,4,055300,2537
Queens,2000,081,4,055400,2492
Queens,2000,081,4,055500,2187
Queens,2000,081,4,055600,2254
Queens,2000,081,4,055700,3964
Queens,2000,081,4,055800,1967
Queens,2000,081,4,055900,1134
Queens,2000,081,4,056000,1826
Queens,2000,081,4,056100,7
Queens,2000,081,4,056200,1484
Queens,2000,081,4,056400,1839
Queens,2000,081,4,056500,1120
Queens,2000,081,4,056600,1588
Queens,2000,081,4,056700,4495
Queens,2000,081,4,056800,5356
Queens,2000,081,4,057700,3483
Queens,2000,081,4,057900,1566
Queens,2000,081,4,058000,4145
Queens,2000,081,4,058100,2608
Queens,2000,081,4,058200,4597
Queens,2000,081,4,058300,3366
Queens,2000,081,4,058500,4135
Queens,2000,081,4,058700,3336
Queens,2000,081,4,058900,4384
Queens,2000,081,4,059000,1241
Queens,2000,081,4,059100,5777
Queens,2000,081,4,059200,1263
Queens,2000,081,4,059300,3865
Queens,2000,081,4,059400,1780
Queens,2000,081,4,059500,4550
Queens,2000,081,4,059600,1614
Queens,2000,081,4,059800,1830
Queens,2000,081,4,059900,1446
Queens,2000,081,4,060000,1260
Queens,2000,081,4,060100,2003
Queens,2000,081,4,060300,1560
Queens,2000,081,4,060600,1521
Queens,2000,081,4,060701,0
Queens,2000,081,4,060800,1631
Queens,2000,081,4,061000,1216
Queens,2000,081,4,061200,1719
Queens,2000,081,4,061301,5011
Queens,2000,081,4,061302,0
Queens,2000,081,4,061400,1436
Queens,2000,081,4,061601,2189
Queens,2000,081,4,061602,1545
Queens,2000,081,4,061800,1603
Queens,2000,081,4,061900,2649
Queens,2000,081,4,062000,1567
Queens,2000,081,4,062100,2709
Queens,2000,081,4,062200,2238
Queens,2000,081,4,062300,1669
Queens,2000,081,4,062400,0
Queens,2000,081,4,062500,2242
Queens,2000,081,4,062600,3339
Queens,2000,081,4,062700,2630
Queens,2000,081,4,062900,2673
Queens,2000,081,4,063000,1770
Queens,2000,081,4,063200,2407
Queens,2000,081,4,063301,1462
Queens,2000,081,4,063302,1438
Queens,2000,081,4,063500,2485
Queens,2000,081,4,063700,3138
Queens,2000,081,4,063800,3835
Queens,2000,081,4,063900,2670
Queens,2000,081,4,064101,1603
Queens,2000,081,4,064102,31
Queens,2000,081,4,064500,1883
Queens,2000,081,4,064600,3134
Queens,2000,081,4,065000,3027
Queens,2000,081,4,065400,2699
Queens,2000,081,4,065501,0
Queens,2000,081,4,065600,4373
Queens,2000,081,4,065702,1490
Queens,2000,081,4,065703,2559
Queens,2000,081,4,065900,1694
Queens,2000,081,4,066000,3214
Queens,2000,081,4,066100,1534
Queens,2000,081,4,066300,2537
Queens,2000,081,4,066400,9836
Queens,2000,081,4,066501,3315
Queens,2000,081,4,066701,2646
Queens,2000,081,4,066900,1702
Queens,2000,081,4,067100,2295
Queens,2000,081,4,067700,1859
Queens,2000,081,4,067900,4301
Queens,2000,081,4,068000,4310
Queens,2000,081,4,068200,1261
Queens,2000,081,4,068300,4298
Queens,2000,081,4,068700,4709
Queens,2000,081,4,069000,3285
Queens,2000,081,4,069300,2835
Queens,2000,081,4,069400,2861
Queens,2000,081,4,069500,2332
Queens,2000,081,4,069701,3597
Queens,2000,081,4,069702,4016
Queens,2000,081,4,070300,2152
Queens,2000,081,4,070700,2627
Queens,2000,081,4,070900,2791
Queens,2000,081,4,071100,5544
Queens,2000,081,4,071303,4924
Queens,2000,081,4,071304,6232
Queens,2000,081,4,071305,4686
Queens,2000,081,4,071306,5753
Queens,2000,081,4,071600,0
Queens,2000,081,4,071701,5578
Queens,2000,081,4,071702,4185
Queens,2000,081,4,071900,2828
Queens,2000,081,4,072100,5243
Queens,2000,081,4,072300,1761
Queens,2000,081,4,072900,1418
Queens,2000,081,4,073100,1747
Queens,2000,081,4,073700,1848
Queens,2000,081,4,073900,4994
Queens,2000,081,4,074100,3079
Queens,2000,081,4,074300,4365
Queens,2000,081,4,074500,3911
Queens,2000,081,4,074700,2621
Queens,2000,081,4,074900,2112
Queens,2000,081,4,075701,4660
Queens,2000,081,4,075702,4335
Queens,2000,081,4,076901,3894
Queens,2000,081,4,076902,1790
Queens,2000,081,4,077300,1213
Queens,2000,081,4,077500,2482
Queens,2000,081,4,077902,5389
Queens,2000,081,4,077903,2886
Queens,2000,081,4,077904,6303
Queens,2000,081,4,077905,2177
Queens,2000,081,4,077906,3599
Queens,2000,081,4,077907,2998
Queens,2000,081,4,077908,3137
Queens,2000,081,4,078800,1746
Queens,2000,081,4,079000,2478
Queens,2000,081,4,079200,2365
Queens,2000,081,4,079300,0
Queens,2000,081,4,079701,7251
Queens,2000,081,4,079702,4636
Queens,2000,081,4,079900,3196
Queens,2000,081,4,080301,3891
Queens,2000,081,4,080302,3186
Queens,2000,081,4,080900,6401
Queens,2000,081,4,081400,3642
Queens,2000,081,4,081800,3531
Queens,2000,081,4,083700,5129
Queens,2000,081,4,083800,4764
Queens,2000,081,4,084000,6903
Queens,2000,081,4,084500,4883
Queens,2000,081,4,084601,2817
Queens,2000,081,4,084602,1109
Queens,2000,081,4,084900,7359
Queens,2000,081,4,085300,5861
Queens,2000,081,4,085500,7135
Queens,2000,081,4,085700,6207
Queens,2000,081,4,085900,4950
Queens,2000,081,4,086100,2461
Queens,2000,081,4,086300,7207
Queens,2000,081,4,086400,2481
Queens,2000,081,4,086500,4156
Queens,2000,081,4,086900,1469
Queens,2000,081,4,087100,1834
Queens,2000,081,4,088400,7929
Queens,2000,081,4,088901,9079
Queens,2000,081,4,089200,8647
Queens,2000,081,4,090700,1354
Queens,2000,081,4,091601,4204
Queens,2000,081,4,091602,22
Queens,2000,081,4,091800,16
Queens,2000,081,4,091900,5454
Queens,2000,081,4,092200,2206
Queens,2000,081,4,092500,3344
Queens,2000,081,4,092800,3440
Queens,2000,081,4,092900,5375
Queens,2000,081,4,093401,3869
Queens,2000,081,4,093402,4050
Queens,2000,081,4,093800,4345
Queens,2000,081,4,093900,3741
Queens,2000,081,4,094201,1967
Queens,2000,081,4,094202,3629
Queens,2000,081,4,094203,5441
Queens,2000,081,4,094500,4209
Queens,2000,081,4,094700,2139
Queens,2000,081,4,095400,4033
Queens,2000,081,4,096400,3732
Queens,2000,081,4,097202,3270
Queens,2000,081,4,097203,5886
Queens,2000,081,4,097204,2866
Queens,2000,081,4,097300,2265
Queens,2000,081,4,098100,1908
Queens,2000,081,4,098700,2599
Queens,2000,081,4,099100,6659
Queens,2000,081,4,099200,2788
Queens,2000,081,4,099701,2792
Queens,2000,081,4,099703,4272
Queens,2000,081,4,099704,7923
Queens,2000,081,4,099705,1975
Queens,2000,081,4,099801,8041
Queens,2000,081,4,099802,4867
Queens,2000,081,4,099900,0
Queens,2000,081,4,100801,2222
Queens,2000,081,4,100802,7613
Queens,2000,081,4,101001,9479
Queens,2000,081,4,101002,3751
Queens,2000,081,4,101700,5769
Queens,2000,081,4,102900,3406
Queens,2000,081,4,103201,5701
Queens,2000,081,4,103202,6670
Queens,2000,081,4,103300,4149
Queens,2000,081,4,103900,6161
Queens,2000,081,4,104700,7207
Queens,2000,081,4,105900,3742
Queens,2000,081,4,107201,2630
Queens,2000,081,4,107202,0
Queens,2000,081,4,108500,2775
Queens,2000,081,4,109300,3041
Queens,2000,081,4,109700,2048
Queens,2000,081,4,109900,3335
Queens,2000,081,4,111300,2514
Queens,2000,081,4,112300,2111
Queens,2000,081,4,112900,2293
Queens,2000,081,4,113300,1696
Queens,2000,081,4,113900,3328
Queens,2000,081,4,114100,2463
Queens,2000,081,4,114700,1800
Queens,2000,081,4,115100,1210
Queens,2000,081,4,115500,2135
Queens,2000,081,4,115700,3465
Queens,2000,081,4,115900,4284
Queens,2000,081,4,116100,4542
Queens,2000,081,4,116300,9375
Queens,2000,081,4,116700,2075
Queens,2000,081,4,117100,3070
Queens,2000,081,4,117500,4976
Queens,2000,081,4,118100,1811
Queens,2000,081,4,118500,2048
Queens,2000,081,4,118700,2491
Queens,2000,081,4,118900,2395
Queens,2000,081,4,119100,2944
Queens,2000,081,4,119300,2350
Queens,2000,081,4,119500,1381
Queens,2000,081,4,119900,1506
Queens,2000,081,4,120100,1712
Queens,2000,081,4,120300,1616
Queens,2000,081,4,120500,2837
Queens,2000,081,4,120700,2775
Queens,2000,081,4,121100,0
Queens,2000,081,4,121500,3907
Queens,2000,081,4,122300,3330
Queens,2000,081,4,122701,9953
Queens,2000,081,4,122702,6263
Queens,2000,081,4,124100,3754
Queens,2000,081,4,124700,3643
Queens,2000,081,4,125700,3162
Queens,2000,081,4,126500,1784
Queens,2000,081,4,126700,3007
Queens,2000,081,4,127700,3656
Queens,2000,081,4,128300,0
Queens,2000,081,4,129102,3269
Queens,2000,081,4,129103,3712
Queens,2000,081,4,129104,4501
Queens,2000,081,4,130100,3998
Queens,2000,081,4,133300,3864
Queens,2000,081,4,133900,1277
Queens,2000,081,4,134100,3280
Queens,2000,081,4,134700,8952
Queens,2000,081,4,136700,5721
Queens,2000,081,4,137700,6138
Queens,2000,081,4,138501,4532
Queens,2000,081,4,138502,63
Queens,2000,081,4,139900,1760
Queens,2000,081,4,140300,2395
Queens,2000,081,4,140901,1000
Queens,2000,081,4,140902,2466
Queens,2000,081,4,141700,4614
Queens,2000,081,4,142900,3657
Queens,2000,081,4,143500,2174
Queens,2000,081,4,144100,2986
Queens,2000,081,4,144700,2808
Queens,2000,081,4,145101,1458
Queens,2000,081,4,145102,2488
Queens,2000,081,4,145900,2867
Queens,2000,081,4,146300,3075
Queens,2000,081,4,146700,2682
Queens,2000,081,4,147100,3190
Queens,2000,081,4,147900,3904
Queens,2000,081,4,148300,3049
Queens,2000,081,4,150701,2970
Queens,2000,081,4,150702,3229
Queens,2000,081,4,152901,6239
Queens,2000,081,4,152902,4965
Queens,2000,081,4,155101,2195
Queens,2000,081,4,155102,7803
Queens,2000,081,4,156700,1204
Queens,2000,081,4,157101,7258
Queens,2000,081,4,157102,1464
Queens,2000,081,4,157901,4902
Queens,2000,081,4,157902,3685
Queens,2000,081,4,157903,3841
Queens,2000,081,4,161700,4359
Queens,2000,081,4,162100,6181
Queens,2000,081,4,990100,0
Staten Island,2000,085,5,000300,2235
Staten Island,2000,085,5,000600,2534
Staten Island,2000,085,5,000700,4947
Staten Island,2000,085,5,000800,4822
Staten Island,2000,085,5,000900,2109
Staten Island,2000,085,5,001100,3705
Staten Island,2000,085,5,001700,1672
Staten Island,2000,085,5,001800,1050
Staten Island,2000,085,5,002001,2299
Staten Island,2000,085,5,002002,3236
Staten Island,2000,085,5,002100,3459
Staten Island,2000,085,5,002700,1788
Staten Island,2000,085,5,002900,5301
Staten Island,2000,085,5,003300,3180
Staten Island,2000,085,5,003600,2173
Staten Island,2000,085,5,003900,2196
Staten Island,2000,085,5,004000,11105
Staten Island,2000,085,5,004700,3353
Staten Island,2000,085,5,005000,3649
Staten Island,2000,085,5,005900,2633
Staten Island,2000,085,5,006400,3659
Staten Island,2000,085,5,006700,2856
Staten Island,2000,085,5,007000,7298
Staten Island,2000,085,5,007400,3644
Staten Island,2000,085,5,007500,3693
Staten Island,2000,085,5,007700,1566
Staten Island,2000,085,5,008100,4360
Staten Island,2000,085,5,008900,0
Staten Island,2000,085,5,009601,3843
Staten Island,2000,085,5,009602,3340
Staten Island,2000,085,5,009700,3818
Staten Island,2000,085,5,010500,4415
Staten Island,2000,085,5,011201,5590
Staten Island,2000,085,5,011202,5605
Staten Island,2000,085,5,011401,2946
Staten Island,2000,085,5,011402,3254
Staten Island,2000,085,5,012100,3187
Staten Island,2000,085,5,012200,3759
Staten Island,2000,085,5,012500,2803
Staten Island,2000,085,5,012804,3903
Staten Island,2000,085,5,012805,2670
Staten Island,2000,085,5,012806,6262
Staten Island,2000,085,5,013201,1569
Staten Island,2000,085,5,013203,5491
Staten Island,2000,085,5,013204,5138
Staten Island,2000,085,5,013301,1705
Staten Island,2000,085,5,013302,2764
Staten Island,2000,085,5,013400,3721
Staten Island,2000,085,5,013800,6627
Staten Island,2000,085,5,014100,2142
Staten Island,2000,085,5,014604,6600
Staten Island,2000,085,5,014605,3927
Staten Island,2000,085,5,014606,6558
Staten Island,2000,085,5,014607,4655
Staten Island,2000,085,5,014608,3620
Staten Island,2000,085,5,014700,3421
Staten Island,2000,085,5,015100,5030
Staten Island,2000,085,5,015400,7
Staten Island,2000,085,5,015601,6437
Staten Island,2000,085,5,015602,3512
Staten Island,2000,085,5,015603,4392
Staten Island,2000,085,5,016901,2971
Staten Island,2000,085,5,017005,3968
Staten Island,2000,085,5,017007,3006
Staten Island,2000,085,5,017008,8230
Staten Island,2000,085,5,017009,4482
Staten Island,2000,085,5,017010,9278
Staten Island,2000,085,5,017011,4480
Staten Island,2000,085,5,017012,4545
Staten Island,2000,085,5,017300,2540
Staten Island,2000,085,5,017600,4812
Staten Island,2000,085,5,017700,6920
Staten Island,2000,085,5,018100,3084
Staten Island,2000,085,5,018701,1740
Staten Island,2000,085,5,018702,7323
Staten Island,2000,085,5,018901,5290
Staten Island,2000,085,5,018902,4978
Staten Island,2000,085,5,019700,1910
Staten Island,2000,085,5,019800,5059
Staten Island,2000,085,5,020100,3428
Staten Island,2000,085,5,020700,5154
Staten Island,2000,085,5,020801,8261
Staten Island,2000,085,5,020803,5318
Staten Island,2000,085,5,020804,5315
Staten Island,2000,085,5,021300,4759
Staten Island,2000,085,5,022300,2264
Staten Island,2000,085,5,022600,6063
Staten Island,2000,085,5,022800,46
Staten Island,2000,085,5,023100,3281
Staten Island,2000,085,5,023900,2995
Staten Island,2000,085,5,024401,5001
Staten Island,2000,085,5,024402,3400
Staten Island,2000,085,5,024700,2353
Staten Island,2000,085,5,024800,3868
Staten Island,2000,085,5,025100,5776
Staten Island,2000,085,5,027301,3652
Staten Island,2000,085,5,027302,3932
Staten Island,2000,085,5,027702,5883
Staten Island,2000,085,5,027704,3939
Staten Island,2000,085,5,027705,5725
Staten Island,2000,085,5,027706,3118
Staten Island,2000,085,5,027900,2093
Staten Island,2000,085,5,029102,2329
Staten Island,2000,085,5,029103,7570
Staten Island,2000,085,5,029104,6939
Staten Island,2000,085,5,030301,4882
Staten Island,2000,085,5,030302,6125
Staten Island,2000,085,5,031901,3262
Staten Island,2000,085,5,031902,4131
Staten Island,2000,085,5,032300,1017
Staten Island,2000,085,5,990100,0
