Borough,Census Tract,Population
Bronx,000100,12780
Bronx,000200,3545
Bronx,000400,3314
Bronx,001600,5237
Bronx,001900,1584
Bronx,002000,9068
Bronx,002300,4338
Bronx,002400,0
Bronx,002500,5109
Bronx,002701,3033
Bronx,002702,4736
Bronx,002800,5718
Bronx,003100,1478
Bronx,003300,3116
Bronx,003500,3473
Bronx,003700,478
Bronx,003800,1263
Bronx,003900,6022
Bronx,004001,1420
Bronx,004100,5240
Bronx,004200,7539
Bronx,004300,4789
Bronx,004400,4671
Bronx,004600,1419
Bronx,004800,3678
Bronx,005001,4871
Bronx,005002,5869
Bronx,005100,5634
Bronx,005200,2186
Bronx,005300,4159
Bronx,005400,5550
Bronx,005600,2710
Bronx,005902,2682
Bronx,006000,1081
Bronx,006100,4039
Bronx,006200,6399
Bronx,006300,5885
Bronx,006400,3967
Bronx,006500,4655
Bronx,006700,6491
Bronx,006800,3209
Bronx,006900,4323
Bronx,007000,4160
Bronx,007100,1885
Bronx,007200,5073
Bronx,007300,3248
Bronx,007400,3503
Bronx,007500,4688
Bronx,007600,4929
Bronx,007700,1307
Bronx,007800,6171
Bronx,007900,6598
Bronx,008300,6204
Bronx,008400,2079
Bronx,008500,5428
Bronx,008600,4381
Bronx,008700,5203
Bronx,008900,2886
Bronx,009000,3687
Bronx,009200,4877
Bronx,009300,5531
Bronx,009600,2099
Bronx,009800,5538
Bronx,011000,21
Bronx,011502,4139
Bronx,011700,1695
Bronx,011800,5080
Bronx,011900,4793
Bronx,012101,2878
Bronx,012102,1619
Bronx,012300,2920
Bronx,012500,2271
Bronx,012701,2309
Bronx,012901,2728
Bronx,013000,1179
Bronx,013100,3519
Bronx,013200,5614
Bronx,013300,6047
Bronx,013500,3126
Bronx,013800,1940
Bronx,014100,2314
Bronx,014300,712
Bronx,014400,5773
Bronx,014500,4878
Bronx,014701,5652
Bronx,014702,5273
Bronx,014900,3668
Bronx,015100,4743
Bronx,015200,2382
Bronx,015300,2962
Bronx,015500,2779
Bronx,015700,3575
Bronx,015800,1211
Bronx,015900,2170
Bronx,016000,5196
Bronx,016100,4755
Bronx,016200,1719
Bronx,016300,301
Bronx,016400,1212
Bronx,016500,1243
Bronx,016600,2226
Bronx,016700,1822
Bronx,016900,1796
Bronx,017100,3
Bronx,017300,4842
Bronx,017500,6466
Bronx,017701,3954
Bronx,017702,4165
Bronx,017901,4817
Bronx,017902,3408
Bronx,018101,2983
Bronx,018102,5590
Bronx,018301,4637
Bronx,018302,3740
Bronx,018400,3695
Bronx,018500,4750
Bronx,018900,7264
Bronx,019300,5248
Bronx,019400,1666
Bronx,019500,7327
Bronx,019700,7754
Bronx,019900,7880
Bronx,020000,4100
Bronx,020100,3632
Bronx,020200,1824
Bronx,020400,2884
Bronx,020501,8556
Bronx,020502,761
Bronx,020601,2375
Bronx,020900,4589
Bronx,021001,7051
Bronx,021002,8753
Bronx,021100,4532
Bronx,021200,5232
Bronx,021301,1464
Bronx,021302,3981
Bronx,021501,3690
Bronx,021502,6726
Bronx,021601,4339
Bronx,021602,5293
Bronx,021700,4797
Bronx,021800,6648
Bronx,021900,1307
Bronx,022000,1445
Bronx,022101,3300
Bronx,022102,5142
Bronx,022200,3024
Bronx,022300,5560
Bronx,022401,2607
Bronx,022403,3187
Bronx,022404,3940
Bronx,022500,6926
Bronx,022701,3036
Bronx,022702,1964
Bronx,022703,1585
Bronx,022800,5777
Bronx,022901,6093
Bronx,022902,3112
Bronx,023000,2754
Bronx,023100,1611
Bronx,023200,2333
Bronx,023301,4916
Bronx,023302,3545
Bronx,023501,4405
Bronx,023502,5178
Bronx,023600,1873
Bronx,023702,1212
Bronx,023703,4860
Bronx,023704,3774
Bronx,023800,2335
Bronx,023900,8094
Bronx,024000,3502
Bronx,024100,5955
Bronx,024300,5415
Bronx,024400,2083
Bronx,024501,4895
Bronx,024502,3645
Bronx,024600,2086
Bronx,024700,1807
Bronx,024800,3245
Bronx,024900,144
Bronx,025000,2297
Bronx,025100,6639
Bronx,025200,2417
Bronx,025300,6402
Bronx,025400,1886
Bronx,025500,6567
Bronx,025600,1727
Bronx,025700,1637
Bronx,026100,1517
Bronx,026300,7978
Bronx,026400,4798
Bronx,026500,6724
Bronx,026601,3003
Bronx,026602,5266
Bronx,026701,3620
Bronx,026702,7333
Bronx,026900,4098
Bronx,027300,7943
Bronx,027401,5372
Bronx,027402,3117
Bronx,027600,7
Bronx,027700,5339
Bronx,027900,7182
Bronx,028100,3824
Bronx,028300,2249
Bronx,028400,857
Bronx,028500,3238
Bronx,028600,1268
Bronx,028700,3159
Bronx,028800,3066
Bronx,028900,4627
Bronx,029301,1863
Bronx,029302,5506
Bronx,029500,4081
Bronx,029600,3801
Bronx,029700,3639
Bronx,030000,5862
Bronx,030100,1510
Bronx,030200,8864
Bronx,030701,5580
Bronx,030900,3745
Bronx,031000,4284
Bronx,031200,1569
Bronx,031400,2024
Bronx,031600,1779
Bronx,031800,1795
Bronx,031900,7
Bronx,032300,5171
Bronx,032400,2826
Bronx,032600,3203
Bronx,032800,3937
Bronx,033000,5111
Bronx,033201,3591
Bronx,033202,4498
Bronx,033400,224
Bronx,033500,2082
Bronx,033600,6138
Bronx,033700,3026
Bronx,033800,3848
Bronx,034000,4360
Bronx,034200,1533
Bronx,034300,1537
Bronx,034400,1537
Bronx,034500,3499
Bronx,034800,5991
Bronx,035000,1896
Bronx,035100,3366
Bronx,035600,2020
Bronx,035800,6917
Bronx,035900,1346
Bronx,036000,2899
Bronx,036100,6283
Bronx,036300,6571
Bronx,036400,2699
Bronx,036501,3421
Bronx,036502,1793
Bronx,036700,2223
Bronx,036800,1569
Bronx,036901,1687
Bronx,036902,2143
Bronx,037000,2210
Bronx,037100,4305
Bronx,037200,2182
Bronx,037300,4891
Bronx,037400,3519
Bronx,037504,3172
Bronx,037600,2116
Bronx,037800,2795
Bronx,037900,5057
Bronx,038000,3910
Bronx,038100,6192
Bronx,038200,2566
Bronx,038301,4862
Bronx,038302,5290
Bronx,038500,4071
Bronx,038600,7123
Bronx,038700,3392
Bronx,038800,2374
Bronx,038900,4558
Bronx,039000,2580
Bronx,039100,6372
Bronx,039200,1607
Bronx,039300,7731
Bronx,039400,4453
Bronx,039500,3414
Bronx,039600,3400
Bronx,039700,3914
Bronx,039800,2771
Bronx,039901,5550
Bronx,039902,4960
Bronx,040100,5302
Bronx,040302,4558
Bronx,040303,4697
Bronx,040304,3861
Bronx,040400,2904
Bronx,040501,4195
Bronx,040502,6983
Bronx,040600,3398
Bronx,040701,3309
Bronx,040702,6718
Bronx,040800,4014
Bronx,040900,3499
Bronx,041100,2701
Bronx,041300,7515
Bronx,041400,5040
Bronx,041500,5635
Bronx,041800,3587
Bronx,041900,6736
Bronx,042000,3788
Bronx,042100,6831
Bronx,042200,2694
Bronx,042300,3929
Bronx,042400,2570
Bronx,042500,6530
Bronx,042600,6470
Bronx,042800,2239
Bronx,042901,3269
Bronx,042902,3637
Bronx,043000,2961
Bronx,043100,9885
Bronx,043400,3756
Bronx,043500,0
Bronx,043600,2334
Bronx,044200,3715
Bronx,044400,3937
Bronx,044800,1836
Bronx,044901,1973
Bronx,044902,1992
Bronx,045101,1800
Bronx,045102,1943
Bronx,045600,2883
Bronx,045800,7329
Bronx,046000,2693
Bronx,046201,24523
Bronx,046202,7289
Bronx,048400,3758
Bronx,050400,5
Bronx,051600,4520
Brooklyn,000100,5498
Brooklyn,000200,1303
Brooklyn,000301,5036
Brooklyn,000501,3415
Brooklyn,000502,2739
Brooklyn,000700,3682
Brooklyn,000900,2178
Brooklyn,001100,117
Brooklyn,001300,2533
Brooklyn,001500,2726
Brooklyn,001800,1442
Brooklyn,002000,1574
Brooklyn,002100,1134
Brooklyn,002200,4240
Brooklyn,002300,4314
Brooklyn,002901,4300
Brooklyn,003000,1873
Brooklyn,003100,2870
Brooklyn,003300,2348
Brooklyn,003400,2894
Brooklyn,003500,1477
Brooklyn,003600,3940
Brooklyn,003700,357
Brooklyn,003800,1607
Brooklyn,003900,2119
Brooklyn,004100,3251
Brooklyn,004300,2942
Brooklyn,004400,2590
Brooklyn,004500,3444
Brooklyn,004600,1217
Brooklyn,004700,1166
Brooklyn,004900,2593
Brooklyn,005000,2401
Brooklyn,005100,2093
Brooklyn,005201,1781
Brooklyn,005202,2453
Brooklyn,005300,1838
Brooklyn,005400,3205
Brooklyn,005601,2515
Brooklyn,005602,1523
Brooklyn,005800,3308
Brooklyn,005900,1099
Brooklyn,006000,2907
Brooklyn,006200,3062
Brooklyn,006300,1821
Brooklyn,006400,3484
Brooklyn,006500,5136
Brooklyn,006600,3631
Brooklyn,006700,3500
Brooklyn,006800,4781
Brooklyn,006900,3340
Brooklyn,007000,2549
Brooklyn,007100,4609
Brooklyn,007200,1858
Brooklyn,007400,5330
Brooklyn,007500,4454
Brooklyn,007600,4440
Brooklyn,007700,3905
Brooklyn,007800,5018
Brooklyn,008000,4360
Brooklyn,008200,4072
Brooklyn,008400,3229
Brooklyn,008500,7278
Brooklyn,008600,0
Brooklyn,008800,3410
Brooklyn,009000,2533
Brooklyn,009200,5160
Brooklyn,009400,4855
Brooklyn,009600,5900
Brooklyn,009800,6121
Brooklyn,010000,6271
Brooklyn,010100,4095
Brooklyn,010200,4616
Brooklyn,010400,5530
Brooklyn,010600,5460
Brooklyn,010800,4773
Brooklyn,011000,2017
Brooklyn,011200,6242
Brooklyn,011400,4116
Brooklyn,011600,4259
Brooklyn,011700,2788
Brooklyn,011800,2009
Brooklyn,011900,1555
Brooklyn,012000,1253
Brooklyn,012100,1796
Brooklyn,012200,5045
Brooklyn,012600,2522
Brooklyn,012700,3405
Brooklyn,012801,2006
Brooklyn,012901,2239
Brooklyn,012902,2125
Brooklyn,013000,4733
Brooklyn,013100,3994
Brooklyn,013200,2165
Brooklyn,013300,3667
Brooklyn,013400,3890
Brooklyn,013500,2830
Brooklyn,013600,3924
Brooklyn,013700,2972
Brooklyn,013800,3206
Brooklyn,013900,3832
Brooklyn,014000,2012
Brooklyn,014100,2737
Brooklyn,014200,3238
Brooklyn,014300,3682
Brooklyn,014500,4326
Brooklyn,014700,1980
Brooklyn,014800,1222
Brooklyn,014900,4774
Brooklyn,015000,1564
Brooklyn,015100,3390
Brooklyn,015200,2240
Brooklyn,015300,2955
Brooklyn,015400,0
Brooklyn,015500,3312
Brooklyn,015700,4143
Brooklyn,015900,5091
Brooklyn,016000,4246
Brooklyn,016100,2568
Brooklyn,016200,1886
Brooklyn,016300,3175
Brooklyn,016400,1173
Brooklyn,016500,4847
Brooklyn,016600,2042
Brooklyn,016700,4534
Brooklyn,016800,1425
Brooklyn,016900,4800
Brooklyn,017000,2882
Brooklyn,017100,3449
Brooklyn,017200,2892
Brooklyn,017400,1751
Brooklyn,017500,28
Brooklyn,017600,2239
Brooklyn,017700,11
Brooklyn,017800,2579
Brooklyn,017900,3379
Brooklyn,018000,2803
Brooklyn,018100,3895
Brooklyn,018200,3039
Brooklyn,018300,2502
Brooklyn,018400,1977
Brooklyn,018501,4803
Brooklyn,018600,1848
Brooklyn,018700,1228
Brooklyn,018800,2615
Brooklyn,019000,4595
Brooklyn,019100,2816
Brooklyn,019200,2320
Brooklyn,019300,5214
Brooklyn,019400,3070
Brooklyn,019500,3821
Brooklyn,019600,3849
Brooklyn,019700,3577
Brooklyn,019800,1710
Brooklyn,019900,2946
Brooklyn,020000,1940
Brooklyn,020100,3632
Brooklyn,020200,1758
Brooklyn,020300,1192
Brooklyn,020400,1960
Brooklyn,020500,2444
Brooklyn,020600,2192
Brooklyn,020700,4659
Brooklyn,020800,2657
Brooklyn,021000,3307
Brooklyn,021100,1533
Brooklyn,021200,3638
Brooklyn,021300,4735
Brooklyn,021400,1811
Brooklyn,021500,5617
Brooklyn,021600,3601
Brooklyn,021700,3843
Brooklyn,021800,3785
Brooklyn,021900,3820
Brooklyn,022000,4452
Brooklyn,022100,3928
Brooklyn,022200,4719
Brooklyn,022400,4943
Brooklyn,022600,2544
Brooklyn,022700,3406
Brooklyn,022800,3426
Brooklyn,022900,3153
Brooklyn,023000,4176
Brooklyn,023100,2774
Brooklyn,023200,6059
Brooklyn,023300,4875
Brooklyn,023400,4710
Brooklyn,023500,1953
Brooklyn,023600,5222
Brooklyn,023800,4470
Brooklyn,024000,4634
Brooklyn,024100,1564
Brooklyn,024200,2808
Brooklyn,024300,3954
Brooklyn,024400,3069
Brooklyn,024500,3555
Brooklyn,024600,2911
Brooklyn,024700,2349
Brooklyn,024800,2448
Brooklyn,024900,4240
Brooklyn,025000,1532
Brooklyn,025100,3779
Brooklyn,025200,4654
Brooklyn,025300,2528
Brooklyn,025400,3379
Brooklyn,025500,5077
Brooklyn,025600,2956
Brooklyn,025700,2026
Brooklyn,025800,4329
Brooklyn,025901,1887
Brooklyn,025902,3595
Brooklyn,026000,3463
Brooklyn,026100,4445
Brooklyn,026200,2364
Brooklyn,026300,1877
Brooklyn,026400,4440
Brooklyn,026500,3717
Brooklyn,026600,3399
Brooklyn,026700,4151
Brooklyn,026800,4017
Brooklyn,026900,2809
Brooklyn,027000,2337
Brooklyn,027100,2810
Brooklyn,027200,3449
Brooklyn,027300,3061
Brooklyn,027400,2885
Brooklyn,027500,4171
Brooklyn,027600,3331
Brooklyn,027700,4001
Brooklyn,027800,2758
Brooklyn,027900,3791
Brooklyn,028000,1685
Brooklyn,028100,3579
Brooklyn,028200,2890
Brooklyn,028300,3624
Brooklyn,028400,3826
Brooklyn,028501,1422
Brooklyn,028502,2921
Brooklyn,028600,4984
Brooklyn,028700,2755
Brooklyn,028800,3503
Brooklyn,028900,3432
Brooklyn,029000,3802
Brooklyn,029100,2777
Brooklyn,029200,2442
Brooklyn,029300,3277
Brooklyn,029400,2351
Brooklyn,029500,3745
Brooklyn,029600,5343
Brooklyn,029700,3349
Brooklyn,029800,3355
Brooklyn,029900,1657
Brooklyn,030000,3576
Brooklyn,030100,2650
Brooklyn,030200,3711
Brooklyn,030300,3409
Brooklyn,030400,3966
Brooklyn,030500,4777
Brooklyn,030600,1918
Brooklyn,030700,3734
Brooklyn,030800,1691
Brooklyn,030900,1593
Brooklyn,031100,2650
Brooklyn,031300,4782
Brooklyn,031400,4508
Brooklyn,031500,5371
Brooklyn,031701,3673
Brooklyn,031702,3579
Brooklyn,031900,3850
Brooklyn,032100,5612
Brooklyn,032300,3763
Brooklyn,032500,6641
Brooklyn,032600,7247
Brooklyn,032700,3868
Brooklyn,032800,3304
Brooklyn,032900,5856
Brooklyn,033000,5288
Brooklyn,033100,4725
Brooklyn,033300,4491
Brooklyn,033500,3120
Brooklyn,033600,5159
Brooklyn,033700,4541
Brooklyn,033900,4541
Brooklyn,034000,2511
Brooklyn,034100,2779
Brooklyn,034200,7462
Brooklyn,034300,5434
Brooklyn,034500,2529
Brooklyn,034700,3140
Brooklyn,034800,2029
Brooklyn,034900,5572
Brooklyn,035000,3584
Brooklyn,035100,5052
Brooklyn,035200,1267
Brooklyn,035300,5558
Brooklyn,035400,5622
Brooklyn,035500,5433
Brooklyn,035601,2931
Brooklyn,035602,5233
Brooklyn,035700,2295
Brooklyn,035900,5257
Brooklyn,036001,3475
Brooklyn,036002,4230
Brooklyn,036100,2533
Brooklyn,036200,5084
Brooklyn,036300,3664
Brooklyn,036400,2641
Brooklyn,036501,2349
Brooklyn,036502,996
Brooklyn,036600,4449
Brooklyn,036700,1373
Brooklyn,036900,4912
Brooklyn,037000,4062
Brooklyn,037100,3982
Brooklyn,037300,4199
Brooklyn,037401,4384
Brooklyn,037402,4827
Brooklyn,037500,2831
Brooklyn,037700,3827
Brooklyn,037900,2827
Brooklyn,038100,4849
Brooklyn,038200,6161
Brooklyn,038300,3999
Brooklyn,038500,3628
Brooklyn,038600,3377
Brooklyn,038700,3581
Brooklyn,038800,3804
Brooklyn,038900,2287
Brooklyn,039000,2192
Brooklyn,039100,1467
Brooklyn,039200,2789
Brooklyn,039300,2800
Brooklyn,039400,2526
Brooklyn,039500,3636
Brooklyn,039600,2030
Brooklyn,039700,3237
Brooklyn,039800,2391
Brooklyn,039900,3777
Brooklyn,040000,2948
Brooklyn,040100,3157
Brooklyn,040200,2564
Brooklyn,040300,2981
Brooklyn,040400,2109
Brooklyn,040500,1335
Brooklyn,040600,3089
Brooklyn,040700,0
Brooklyn,040800,2921
Brooklyn,040900,3507
Brooklyn,041000,1749
Brooklyn,041100,2837
Brooklyn,041200,2708
Brooklyn,041300,3249
Brooklyn,041401,1390
Brooklyn,041402,1918
Brooklyn,041500,3638
Brooklyn,041600,2483
Brooklyn,041700,3197
Brooklyn,041800,2527
Brooklyn,041900,3908
Brooklyn,042000,2256
Brooklyn,042100,3481
Brooklyn,042200,3674
Brooklyn,042300,2634
Brooklyn,042400,3692
Brooklyn,042500,2260
Brooklyn,042600,3823
Brooklyn,042700,5599
Brooklyn,042800,3655
Brooklyn,042900,5829
Brooklyn,043000,3291
Brooklyn,043100,5276
Brooklyn,043200,3860
Brooklyn,043300,3668
Brooklyn,043400,3529
Brooklyn,043500,4494
Brooklyn,043600,4020
Brooklyn,043700,5027
Brooklyn,043800,2674
Brooklyn,043900,3778
Brooklyn,044000,2726
Brooklyn,044100,5630
Brooklyn,044200,2739
Brooklyn,044300,5210
Brooklyn,044400,3201
Brooklyn,044500,4576
Brooklyn,044600,1819
Brooklyn,044700,1883
Brooklyn,044800,2061
Brooklyn,044900,3100
Brooklyn,045000,738
Brooklyn,045200,2817
Brooklyn,045300,1616
Brooklyn,045400,2110
Brooklyn,045600,2330
Brooklyn,045800,1513
Brooklyn,046000,3668
Brooklyn,046201,2447
Brooklyn,046202,1490
Brooklyn,046400,2537
Brooklyn,046800,982
Brooklyn,047000,3020
Brooklyn,047200,2969
Brooklyn,047400,2983
Brooklyn,047600,3794
Brooklyn,047700,2276
Brooklyn,047800,4916
Brooklyn,048000,3442
Brooklyn,048100,2772
Brooklyn,048200,5310
Brooklyn,048400,5244
Brooklyn,048500,1613
Brooklyn,048600,3576
Brooklyn,048800,4393
Brooklyn,048900,4020
Brooklyn,049000,6153
Brooklyn,049100,5453
Brooklyn,049200,3346
Brooklyn,049300,7681
Brooklyn,049400,5596
Brooklyn,049500,2727
Brooklyn,049600,4560
Brooklyn,049700,2228
Brooklyn,049800,4069
Brooklyn,049900,1649
Brooklyn,050000,3680
Brooklyn,050100,2646
Brooklyn,050202,2150
Brooklyn,050300,2735
Brooklyn,050400,4463
Brooklyn,050500,4211
Brooklyn,050600,6187
Brooklyn,050700,728
Brooklyn,050801,4342
Brooklyn,050803,2896
Brooklyn,050804,6646
Brooklyn,050900,1838
Brooklyn,051001,3829
Brooklyn,051002,5444
Brooklyn,051100,3730
Brooklyn,051200,6871
Brooklyn,051300,4362
Brooklyn,051400,7692
Brooklyn,051500,877
Brooklyn,051601,5587
Brooklyn,051602,4168
Brooklyn,051700,1514
Brooklyn,051800,3678
Brooklyn,051900,3043
Brooklyn,052000,4399
Brooklyn,052300,5729
Brooklyn,052500,3537
Brooklyn,052600,4515
Brooklyn,052700,7277
Brooklyn,052800,2105
Brooklyn,052900,4295
Brooklyn,053000,3564
Brooklyn,053100,2582
Brooklyn,053200,2757
Brooklyn,053300,7560
Brooklyn,053400,4612
Brooklyn,053500,4880
Brooklyn,053700,1963
Brooklyn,053800,4701
Brooklyn,053900,3476
Brooklyn,054200,4469
Brooklyn,054300,38
Brooklyn,054400,3705
Brooklyn,054500,8257
Brooklyn,054600,4571
Brooklyn,054700,3364
Brooklyn,054800,2077
Brooklyn,054900,1488
Brooklyn,055000,3572
Brooklyn,055100,4313
Brooklyn,055200,3489
Brooklyn,055300,2583
Brooklyn,055400,4284
Brooklyn,055500,875
Brooklyn,055600,3806
Brooklyn,055700,1168
Brooklyn,055800,2533
Brooklyn,056000,3571
Brooklyn,056100,3728
Brooklyn,056200,1673
Brooklyn,056300,4440
Brooklyn,056400,2442
Brooklyn,056500,3563
Brooklyn,056600,2577
Brooklyn,056800,1343
Brooklyn,056900,1664
Brooklyn,057000,3292
Brooklyn,057100,5083
Brooklyn,057200,5633
Brooklyn,057300,2787
Brooklyn,057400,2626
Brooklyn,057500,5006
Brooklyn,057600,2836
Brooklyn,057800,2988
Brooklyn,057900,1362
Brooklyn,058000,3149
Brooklyn,058200,2999
Brooklyn,058400,3528
Brooklyn,058600,2327
Brooklyn,058800,3473
Brooklyn,058900,1774
Brooklyn,059000,1878
Brooklyn,059100,4277
Brooklyn,059200,3987
Brooklyn,059300,2488
Brooklyn,059401,7875
Brooklyn,059402,4614
Brooklyn,059600,2249
Brooklyn,059800,3310
Brooklyn,060000,6116
Brooklyn,060600,2472
Brooklyn,060800,3725
Brooklyn,061002,2747
Brooklyn,061003,1974
Brooklyn,061004,6582
Brooklyn,061200,1177
Brooklyn,061600,1521
Brooklyn,062000,1759
Brooklyn,062200,3064
Brooklyn,062600,2720
Brooklyn,062800,5509
Brooklyn,063200,1368
Brooklyn,063600,1283
Brooklyn,063800,1507
Brooklyn,064000,1488
Brooklyn,064200,2693
Brooklyn,064400,2299
Brooklyn,064600,2064
Brooklyn,064800,1974
Brooklyn,065000,1425
Brooklyn,065200,1173
Brooklyn,065400,1611
Brooklyn,065600,1826
Brooklyn,065800,1849
Brooklyn,066000,1662
Brooklyn,066200,1366
Brooklyn,066600,1
Brooklyn,067000,2364
Brooklyn,067200,1319
Brooklyn,067400,2009
Brooklyn,067600,1738
Brooklyn,067800,2637
Brooklyn,068000,1780
Brooklyn,068200,2238
Brooklyn,068600,1546
Brooklyn,068800,1559
Brooklyn,069000,1773
Brooklyn,069200,2353
Brooklyn,069601,3344
Brooklyn,069602,4583
Brooklyn,069800,1394
Brooklyn,070000,1736
Brooklyn,070201,6502
Brooklyn,070202,15
Brooklyn,070203,0
Brooklyn,070600,2876
Brooklyn,072000,1643
Brooklyn,072200,2853
Brooklyn,072400,1984
Brooklyn,072600,2535
Brooklyn,072800,3777
Brooklyn,073000,2327
Brooklyn,073200,2345
Brooklyn,073400,2165
Brooklyn,073600,3356
Brooklyn,073800,3306
Brooklyn,074000,3623
Brooklyn,074200,3348
Brooklyn,074400,2349
Brooklyn,074600,1985
Brooklyn,074800,2094
Brooklyn,075000,3148
Brooklyn,075200,1260
Brooklyn,075400,1600
Brooklyn,075600,1974
Brooklyn,075800,1877
Brooklyn,076000,2993
Brooklyn,076200,4671
Brooklyn,076400,4192
Brooklyn,076600,2297
Brooklyn,076800,3601
Brooklyn,077000,3063
Brooklyn,077200,3325
Brooklyn,077400,3121
Brooklyn,077600,4123
Brooklyn,078000,2555
Brooklyn,078200,4320
Brooklyn,078400,2740
Brooklyn,078600,4469
Brooklyn,078800,3775
Brooklyn,079000,5908
Brooklyn,079200,3815
Brooklyn,079400,1932
Brooklyn,079601,5195
Brooklyn,079602,5189
Brooklyn,079801,3579
Brooklyn,079802,5512
Brooklyn,080000,3927
Brooklyn,080200,4817
Brooklyn,080400,3380
Brooklyn,080600,2770
Brooklyn,080800,0
Brooklyn,081000,2444
Brooklyn,081400,3080
Brooklyn,081600,3011
Brooklyn,081800,5253
Brooklyn,082000,5392
Brooklyn,082200,7463
Brooklyn,082400,4448
Brooklyn,082600,6051
Brooklyn,082800,3985
Brooklyn,083000,6563
Brooklyn,083200,2563
Brooklyn,083400,2132
Brooklyn,083600,2186
Brooklyn,083800,2521
Brooklyn,084000,2512
Brooklyn,084600,2164
Brooklyn,084800,1792
Brooklyn,085000,1435
Brooklyn,085200,0
Brooklyn,085400,2210
Brooklyn,085600,3898
Brooklyn,085800,2443
Brooklyn,086000,3665
Brooklyn,086200,3395
Brooklyn,086400,2134
Brooklyn,086600,3215
Brooklyn,086800,3438
Brooklyn,087000,3216
Brooklyn,087200,3627
Brooklyn,087401,3315
Brooklyn,087600,1707
Brooklyn,087800,3165
Brooklyn,088000,2721
Brooklyn,088200,6761
Brooklyn,088400,5097
Brooklyn,088600,4650
Brooklyn,088800,4124
Brooklyn,089000,6566
Brooklyn,089200,4012
Brooklyn,089400,3664
Brooklyn,089600,3654
Brooklyn,089800,1530
Brooklyn,090000,5520
Brooklyn,090200,4884
Brooklyn,090600,4151
Brooklyn,090800,3376
Brooklyn,091000,5642
Brooklyn,091200,7340
Brooklyn,091600,4238
Brooklyn,091800,2847
Brooklyn,092000,2892
Brooklyn,092200,2865
Brooklyn,092400,2484
Brooklyn,092800,2801
Brooklyn,093000,2775
Brooklyn,093200,1356
Brooklyn,093400,2402
Brooklyn,093600,1876
Brooklyn,093800,2654
Brooklyn,094401,3350
Brooklyn,094402,2826
Brooklyn,094600,2090
Brooklyn,095000,3182
Brooklyn,095400,4742
Brooklyn,095600,3966
Brooklyn,095800,3351
Brooklyn,096000,3
Brooklyn,096200,1674
Brooklyn,096400,2161
Brooklyn,096600,2128
Brooklyn,096800,1395
Brooklyn,097000,2078
Brooklyn,097400,2599
Brooklyn,098200,4542
Brooklyn,098400,2066
Brooklyn,098600,3128
Brooklyn,098800,3074
Brooklyn,099000,1531
Brooklyn,099200,1847
Brooklyn,099400,1930
Brooklyn,099600,3875
Brooklyn,099800,3736
Brooklyn,100400,2779
Brooklyn,100600,2581
Brooklyn,100800,2087
Brooklyn,101000,2155
Brooklyn,101200,2016
Brooklyn,101400,2189
Brooklyn,101600,1572
Brooklyn,101800,2020
Brooklyn,102000,2055
Brooklyn,102200,2106
Brooklyn,102400,2044
Brooklyn,102600,2775
Brooklyn,102800,1772
Brooklyn,103400,3899
Brooklyn,105801,7858
Brooklyn,105804,6763
Brooklyn,107000,294
Brooklyn,107800,4428
Brooklyn,109800,1488
Brooklyn,110400,4018
Brooklyn,110600,4277
Brooklyn,111000,3508
Brooklyn,111600,2315
Brooklyn,111800,2623
Brooklyn,112000,3142
Brooklyn,112200,2914
Brooklyn,112400,3253
Brooklyn,112600,3626
Brooklyn,112800,3937
Brooklyn,113000,3544
Brooklyn,113200,1387
Brooklyn,113400,2998
Brooklyn,114201,1736
Brooklyn,114202,2508
Brooklyn,114400,2213
Brooklyn,114600,3036
Brooklyn,115000,1763
Brooklyn,115200,2525
Brooklyn,115600,4076
Brooklyn,115800,2929
Brooklyn,116000,2604
Brooklyn,116200,2290
Brooklyn,116400,2766
Brooklyn,116600,2599
Brooklyn,116800,1957
Brooklyn,117000,1837
Brooklyn,117201,2914
Brooklyn,117202,4287
Brooklyn,117400,4268
Brooklyn,117601,2664
Brooklyn,117602,3173
Brooklyn,117800,1715
Brooklyn,118000,0
Brooklyn,118201,2902
Brooklyn,118202,3057
Brooklyn,118400,5106
Brooklyn,118600,3133
Brooklyn,118800,4560
Brooklyn,119000,1986
Brooklyn,119200,2400
Brooklyn,119400,3371
Brooklyn,119600,4972
Brooklyn,119800,3190
Brooklyn,120000,2247
Brooklyn,120200,1916
Brooklyn,120800,8483
Brooklyn,121000,3986
Brooklyn,121400,4384
Brooklyn,122000,2555
Brooklyn,123700,1838
Brooklyn,150200,2237
Brooklyn,152200,3407
Brooklyn,990100,0
Manhattan,000100,0
Manhattan,000201,3329
Manhattan,000202,6837
Manhattan,000500,2
Manhattan,000600,12276
Manhattan,000700,907
Manhattan,000800,10917
Manhattan,000900,1124
Manhattan,001001,1361
Manhattan,001002,6733
Manhattan,001200,3466
Manhattan,001300,1607
Manhattan,001401,2962
Manhattan,001402,3019
Manhattan,001501,4562
Manhattan,001502,3937
Manhattan,001600,9598
Manhattan,001800,10157
Manhattan,002000,5174
Manhattan,002100,2407
Manhattan,002201,6646
Manhattan,002202,1556
Manhattan,002400,5080
Manhattan,002500,5209
Manhattan,002601,3400
Manhattan,002602,3718
Manhattan,002700,1517
Manhattan,002800,6701
Manhattan,002900,7422
Manhattan,003001,4275
Manhattan,003002,3281
Manhattan,003100,1726
Manhattan,003200,8016
Manhattan,003300,3696
Manhattan,003400,6561
Manhattan,003601,3280
Manhattan,003602,2372
Manhattan,003700,2256
Manhattan,003800,9162
Manhattan,003900,4292
Manhattan,004000,8690
Manhattan,004100,8957
Manhattan,004200,3664
Manhattan,004300,4884
Manhattan,004400,15112
Manhattan,004500,1066
Manhattan,004700,2463
Manhattan,004800,6402
Manhattan,004900,5010
Manhattan,005000,5695
Manhattan,005200,3741
Manhattan,005400,3955
Manhattan,005501,4907
Manhattan,005502,2187
Manhattan,005600,2577
Manhattan,005700,2535
Manhattan,005800,659
Manhattan,005900,5581
Manhattan,006000,3989
Manhattan,006100,5101
Manhattan,006200,5077
Manhattan,006300,6265
Manhattan,006400,7334
Manhattan,006500,6690
Manhattan,006600,11841
Manhattan,006700,5645
Manhattan,006800,6753
Manhattan,006900,2341
Manhattan,007000,7763
Manhattan,007100,5620
Manhattan,007200,8111
Manhattan,007300,6699
Manhattan,007400,3712
Manhattan,007500,4168
Manhattan,007600,2493
Manhattan,007700,6146
Manhattan,007800,7471
Manhattan,007900,4598
Manhattan,008000,5392
Manhattan,008100,7359
Manhattan,008200,2764
Manhattan,008300,3477
Manhattan,008400,1041
Manhattan,008601,2656
Manhattan,008602,0
Manhattan,008603,4613
Manhattan,008700,4626
Manhattan,008800,7345
Manhattan,008900,5320
Manhattan,009000,7599
Manhattan,009100,4553
Manhattan,009200,1334
Manhattan,009300,8714
Manhattan,009400,51
Manhattan,009500,2694
Manhattan,009600,210
Manhattan,009700,4852
Manhattan,009800,7066
Manhattan,009900,1155
Manhattan,010000,1822
Manhattan,010100,239
Manhattan,010200,269
Manhattan,010300,1463
Manhattan,010400,1097
Manhattan,010601,7968
Manhattan,010602,3949
Manhattan,010800,8079
Manhattan,010900,208
Manhattan,011000,6732
Manhattan,011100,3048
Manhattan,011201,1041
Manhattan,011202,380
Manhattan,011203,1255
Manhattan,011300,322
Manhattan,011401,1484
Manhattan,011402,2367
Manhattan,011500,1467
Manhattan,011600,3860
Manhattan,011700,340
Manhattan,011800,8605
Manhattan,011900,1405
Manhattan,012000,3965
Manhattan,012100,8288
Manhattan,012200,3914
Manhattan,012400,10714
Manhattan,012500,1762
Manhattan,012600,12895
Manhattan,012700,7278
Manhattan,012800,6639
Manhattan,012900,4457
Manhattan,013000,4622
Manhattan,013100,2086
Manhattan,013200,9690
Manhattan,013300,5805
Manhattan,013400,10666
Manhattan,013500,3505
Manhattan,013600,15354
Manhattan,013700,6797
Manhattan,013800,12612
Manhattan,013900,9795
Manhattan,014000,7754
Manhattan,014200,4980
Manhattan,014300,18
Manhattan,014401,4887
Manhattan,014402,6359
Manhattan,014500,4411
Manhattan,014601,3846
Manhattan,014602,8257
Manhattan,014700,2231
Manhattan,014801,2903
Manhattan,014802,6947
Manhattan,014900,5956
Manhattan,015001,2247
Manhattan,015002,5866
Manhattan,015100,7091
Manhattan,015200,6909
Manhattan,015300,9040
Manhattan,015400,13058
Manhattan,015500,6256
Manhattan,015601,5486
Manhattan,015602,1598
Manhattan,015700,10961
Manhattan,015801,5804
Manhattan,015802,3190
Manhattan,015900,9293
Manhattan,016001,4172
Manhattan,016002,3164
Manhattan,016100,6710
Manhattan,016200,10067
Manhattan,016300,6844
Manhattan,016400,5986
Manhattan,016500,6618
Manhattan,016600,7327
Manhattan,016700,6943
Manhattan,016800,4158
Manhattan,016900,8641
Manhattan,017000,8157
Manhattan,017100,9624
Manhattan,017200,5258
Manhattan,017300,8991
Manhattan,017401,5821
Manhattan,017402,2173
Manhattan,017500,10725
Manhattan,017700,9618
Manhattan,017800,4096
Manhattan,017900,9497
Manhattan,018000,7851
Manhattan,018100,9082
Manhattan,018200,6859
Manhattan,018300,9112
Manhattan,018400,6006
Manhattan,018500,3783
Manhattan,018600,5736
Manhattan,018700,9806
Manhattan,018800,6471
Manhattan,018900,11883
Manhattan,019000,1818
Manhattan,019100,9077
Manhattan,019200,3818
Manhattan,019300,9416
Manhattan,019400,6845
Manhattan,019500,8067
Manhattan,019600,3751
Manhattan,019701,23
Manhattan,019702,2088
Manhattan,019800,1517
Manhattan,019900,9077
Manhattan,020000,2413
Manhattan,020101,2215
Manhattan,020102,3594
Manhattan,020300,3583
Manhattan,020500,5113
Manhattan,020600,2310
Manhattan,020701,2548
Manhattan,020800,4071
Manhattan,020901,3448
Manhattan,021000,6623
Manhattan,021100,10718
Manhattan,021200,4166
Manhattan,021303,5941
Manhattan,021400,3161
Manhattan,021500,2925
Manhattan,021600,7986
Manhattan,021703,1
Manhattan,021800,5018
Manhattan,021900,6423
Manhattan,022000,5068
Manhattan,022102,2050
Manhattan,022200,2412
Manhattan,022301,8410
Manhattan,022302,3997
Manhattan,022400,6211
Manhattan,022500,11108
Manhattan,022600,3601
Manhattan,022700,5195
Manhattan,022800,4636
Manhattan,022900,8843
Manhattan,023000,7965
Manhattan,023100,5961
Manhattan,023200,8344
Manhattan,023300,6054
Manhattan,023400,3530
Manhattan,023501,6134
Manhattan,023502,2040
Manhattan,023600,5688
Manhattan,023700,7260
Manhattan,023801,1010
Manhattan,023802,8510
Manhattan,023900,2686
Manhattan,024000,1386
Manhattan,024100,8295
Manhattan,024200,3311
Manhattan,024301,4296
Manhattan,024302,7386
Manhattan,024500,15838
Manhattan,024700,7762
Manhattan,024900,1150
Manhattan,025100,2995
Manhattan,025300,12753
Manhattan,025500,6885
Manhattan,025700,2942
Manhattan,025900,1932
Manhattan,026100,13080
Manhattan,026300,9811
Manhattan,026500,8120
Manhattan,026700,1923
Manhattan,026900,9931
Manhattan,027100,8897
Manhattan,027300,6265
Manhattan,027500,2718
Manhattan,027700,8112
Manhattan,027900,11764
Manhattan,028100,2548
Manhattan,028300,8370
Manhattan,028500,8391
Manhattan,028700,4538
Manhattan,029100,12413
Manhattan,029300,9522
Manhattan,029500,7588
Manhattan,029700,0
Manhattan,029900,3979
Manhattan,030300,4178
Manhattan,030700,3587
Manhattan,030900,7820
Manhattan,031100,19
Manhattan,031703,1574
Manhattan,031704,6377
Manhattan,031900,237
Queens,000100,1370
Queens,000200,2941
Queens,000400,4747
Queens,000600,3717
Queens,000700,4030
Queens,000800,3186
Queens,001000,3170
Queens,001200,3797
Queens,001400,3268
Queens,001600,2688
Queens,001800,2795
Queens,001900,794
Queens,002000,1332
Queens,002200,2409
Queens,002400,2163
Queens,002500,6597
Queens,002600,2132
Queens,002800,3083
Queens,003000,1364
Queens,003100,1736
Queens,003200,1547
Queens,003300,2283
Queens,003400,2332
Queens,003600,3099
Queens,003700,1414
Queens,003800,2213
Queens,003900,1516
Queens,004001,1786
Queens,004002,1254
Queens,004200,3740
Queens,004300,2571
Queens,004401,3244
Queens,004500,3165
Queens,004700,4436
Queens,005000,0
Queens,005100,2526
Queens,005200,2415
Queens,005300,5966
Queens,005400,5247
Queens,005500,1216
Queens,005700,4904
Queens,005800,5569
Queens,005900,4779
Queens,006100,6749
Queens,006201,5451
Queens,006202,6094
Queens,006300,7029
Queens,006501,4275
Queens,006502,4515
Queens,006900,4537
Queens,007100,4572
Queens,007300,4881
Queens,007500,4518
Queens,007700,1330
Queens,007900,3489
Queens,008100,978
Queens,008300,3114
Queens,008500,1245
Queens,008600,2703
Queens,008700,4545
Queens,008800,3035
Queens,009100,2731
Queens,009400,3105
Queens,009500,2742
Queens,009600,3378
Queens,009700,3593
Queens,009800,2944
Queens,009900,0
Queens,010000,3475
Queens,010100,3002
Queens,010200,2738
Queens,010300,4847
Queens,010400,3481
Queens,010500,4705
Queens,010600,3482
Queens,010701,0
Queens,010800,3035
Queens,011000,3101
Queens,011100,3132
Queens,011200,2246
Queens,011300,5256
Queens,011400,1120
Queens,011500,2756
Queens,011600,2066
Queens,011700,4366
Queens,011800,2425
Queens,011900,1975
Queens,012000,2539
Queens,012100,2570
Queens,012200,3101
Queens,012301,3402
Queens,012400,2936
Queens,012500,1889
Queens,012601,2434
Queens,012602,2536
Queens,012800,2073
Queens,013000,1670
Queens,013200,1785
Queens,013400,5522
Queens,013500,1764
Queens,013600,2181
Queens,013700,1474
Queens,013800,3606
Queens,014000,4183
Queens,014100,1976
Queens,014201,4374
Queens,014202,2953
Queens,014300,4509
Queens,014400,1966
Queens,014500,2282
Queens,014700,3268
Queens,014800,2276
Queens,014900,3133
Queens,015000,2518
Queens,015100,3148
Queens,015200,2662
Queens,015300,2622
Queens,015400,2362
Queens,015500,2675
Queens,015600,3429
Queens,015700,1635
Queens,015801,3853
Queens,015802,4908
Queens,015900,4754
Queens,016100,2908
Queens,016300,4546
Queens,016400,3607
Queens,016600,3723
Queens,016800,2943
Queens,016900,5579
Queens,017000,2375
Queens,017100,21
Queens,017200,2230
Queens,017400,2396
Queens,017600,2011
Queens,017800,1911
Queens,017900,1135
Queens,018000,1099
Queens,018101,4636
Queens,018102,4279
Queens,018200,2238
Queens,018300,6766
Queens,018401,2370
Queens,018402,2186
Queens,018501,3627
Queens,018502,4102
Queens,018600,1742
Queens,018700,3142
Queens,018800,1266
Queens,018900,3594
Queens,019000,2226
Queens,019200,2000
Queens,019400,2750
Queens,019600,2695
Queens,019800,2782
Queens,019900,1334
Queens,020200,1409
Queens,020400,1936
Queens,020500,1241
Queens,020600,1758
Queens,020800,2551
Queens,021200,2701
Queens,021400,6227
Queens,021600,4701
Queens,021900,36
Queens,022001,6743
Queens,022002,5096
Queens,022900,35
Queens,023000,1742
Queens,023200,5011
Queens,023500,8426
Queens,023600,2816
Queens,023800,5273
Queens,024000,5748
Queens,024300,5240
Queens,024500,4675
Queens,024600,0
Queens,024700,1502
Queens,024900,5095
Queens,025100,5501
Queens,025301,5016
Queens,025302,2819
Queens,025400,7015
Queens,025500,1849
Queens,025700,1504
Queens,025800,1671
Queens,025900,3365
Queens,026000,1636
Queens,026100,7233
Queens,026200,1144
Queens,026300,6003
Queens,026400,2181
Queens,026500,4534
Queens,026600,1799
Queens,026700,6415
Queens,026901,5922
Queens,026902,4591
Queens,027000,1468
Queens,027100,8911
Queens,027200,2184
Queens,027300,9459
Queens,027400,1834
Queens,027500,7115
Queens,027600,1223
Queens,027700,9360
Queens,027800,2262
Queens,027900,6763
Queens,028000,1698
Queens,028100,6120
Queens,028200,1318
Queens,028300,8241
Queens,028400,3243
Queens,028500,4979
Queens,028700,6545
Queens,028800,4366
Queens,028900,5484
Queens,029100,7120
Queens,029300,1368
Queens,029400,6164
Queens,029500,3790
Queens,029700,1961
Queens,029900,12
Queens,030600,3909
Queens,030902,7949
Queens,030903,6614
Queens,030904,3939
Queens,031700,6131
Queens,032000,4585
Queens,032700,4285
Queens,032800,2155
Queens,032900,4067
Queens,033000,6083
Queens,033100,0
Queens,033401,2538
Queens,033402,13194
Queens,033700,3860
Queens,033900,3703
Queens,034700,3436
Queens,035100,4288
Queens,035200,2519
Queens,035300,2658
Queens,035700,4306
Queens,035800,3923
Queens,036100,2246
Queens,036300,2179
Queens,036500,3184
Queens,036600,2638
Queens,036700,2822
Queens,036800,2501
Queens,037100,1562
Queens,037300,2226
Queens,037500,4073
Queens,037600,5975
Queens,037700,3579
Queens,037900,4631
Queens,038100,5298
Queens,038301,1
Queens,038302,1598
Queens,038400,2608
Queens,039400,2857
Queens,039800,1762
Queens,039900,3589
Queens,040000,1416
Queens,040100,6758
Queens,040200,1453
Queens,040300,6412
Queens,040400,3959
Queens,040500,3303
Queens,040700,7904
Queens,040900,5198
Queens,041100,3623
Queens,041300,3536
Queens,041400,3637
Queens,041500,3604
Queens,042400,2464
Queens,042600,0
Queens,042700,3822
Queens,043200,1584
Queens,043400,1635
Queens,043701,3161
Queens,043702,6160
Queens,043900,3663
Queens,044000,3359
Queens,044301,3412
Queens,044302,4935
Queens,044400,2460
Queens,044601,2462
Queens,044602,4128
Queens,044800,2371
Queens,045000,1909
Queens,045200,1229
Queens,045400,4246
Queens,045500,12577
Queens,045600,1285
Queens,045700,3395
Queens,045800,1894
Queens,045900,3885
Queens,046000,5718
Queens,046100,2791
Queens,046200,6576
Queens,046300,4021
Queens,046400,1356
Queens,046500,4398
Queens,046600,2831
Queens,046700,7108
Queens,046800,4064
Queens,046900,9282
Queens,047000,3824
Queens,047100,4001
Queens,047200,4078
Queens,047300,3830
Queens,047500,4130
Queens,047600,1466
Queens,047800,5586
Queens,047900,5273
Queens,048000,2650
Queens,048100,6782
Queens,048200,1608
Queens,048300,3751
Queens,048400,5282
Queens,048500,4318
Queens,048900,1222
Queens,049200,5194
Queens,049301,1839
Queens,049302,2775
Queens,049500,1288
Queens,049600,3463
Queens,049700,2638
Queens,049900,4212
Queens,050000,4013
Queens,050201,1345
Queens,050202,1449
Queens,050400,1750
Queens,050500,1652
Queens,050600,1562
Queens,050700,3127
Queens,050800,2059
Queens,051000,1679
Queens,051100,2045
Queens,051200,2885
Queens,051300,2099
Queens,051500,2798
Queens,051600,2143
Queens,051700,1763
Queens,051800,2110
Queens,052000,1701
Queens,052100,1906
Queens,052200,1478
Queens,052400,1889
Queens,052500,1877
Queens,052600,1867
Queens,052800,1484
Queens,053000,2227
Queens,053100,3322
Queens,053200,1855
Queens,053401,2195
Queens,053500,1117
Queens,053601,1827
Queens,053800,1952
Queens,053900,3951
Queens,054000,4496
Queens,054200,5709
Queens,054500,3932
Queens,054700,4717
Queens,054800,2392
Queens,054900,5322
Queens,055100,4679
Queens,055200,3434
Queens,055300,2537
Queens,055400,2492
Queens,055500,2187
Queens,055600,2254
Queens,055700,3964
Queens,055800,1967
Queens,055900,1134
Queens,056000,1826
Queens,056100,7
Queens,056200,1484
Queens,056400,1839
Queens,056500,1120
Queens,056600,1588
Queens,056700,4495
Queens,056800,5356
Queens,057700,3483
Queens,057900,1566
Queens,058000,4145
Queens,058100,2608
Queens,058200,4597
Queens,058300,3366
Queens,058500,4135
Queens,058700,3336
Queens,058900,4384
Queens,059000,1241
Queens,059100,5777
Queens,059200,1263
Queens,059300,3865
Queens,059400,1780
Queens,059500,4550
Queens,059600,1614
Queens,059800,1830
Queens,059900,1446
Queens,060000,1260
Queens,060100,2003
Queens,060300,1560
Queens,060600,1521
Queens,060701,0
Queens,060800,1631
Queens,061000,1216
Queens,061200,1719
Queens,061301,5011
Queens,061302,0
Queens,061400,1436
Queens,061601,2189
Queens,061602,1545
Queens,061800,1603
Queens,061900,2649
Queens,062000,1567
Queens,062100,2709
Queens,062200,2238
Queens,062300,1669
Queens,062400,0
Queens,062500,2242
Queens,062600,3339
Queens,062700,2630
Queens,062900,2673
Queens,063000,1770
Queens,063200,2407
Queens,063301,1462
Queens,063302,1438
Queens,063500,2485
Queens,063700,3138
Queens,063800,3835
Queens,063900,2670
Queens,064101,1603
Queens,064102,31
Queens,064500,1883
Queens,064600,3134
Queens,065000,3027
Queens,065400,2699
Queens,065501,0
Queens,065600,4373
Queens,065702,1490
Queens,065703,2559
Queens,065900,1694
Queens,066000,3214
Queens,066100,1534
Queens,066300,2537
Queens,066400,9836
Queens,066501,3315
Queens,066701,2646
Queens,066900,1702
Queens,067100,2295
Queens,067700,1859
Queens,067900,4301
Queens,068000,4310
Queens,068200,1261
Queens,068300,4298
Queens,068700,4709
Queens,069000,3285
Queens,069300,2835
Queens,069400,2861
Queens,069500,2332
Queens,069701,3597
Queens,069702,4016
Queens,070300,2152
Queens,070700,2627
Queens,070900,2791
Queens,071100,5544
Queens,071303,4924
Queens,071304,6232
Queens,071305,4686
Queens,071306,5753
Queens,071600,0
Queens,071701,5578
Queens,071702,4185
Queens,071900,2828
Queens,072100,5243
Queens,072300,1761
Queens,072900,1418
Queens,073100,1747
Queens,073700,1848
Queens,073900,4994
Queens,074100,3079
Queens,074300,4365
Queens,074500,3911
Queens,074700,2621
Queens,074900,2112
Queens,075701,4660
Queens,075702,4335
Queens,076901,3894
Queens,076902,1790
Queens,077300,1213
Queens,077500,2482
Queens,077902,5389
Queens,077903,2886
Queens,077904,6303
Queens,077905,2177
Queens,077906,3599
Queens,077907,2998
Queens,077908,3137
Queens,078800,1746
Queens,079000,2478
Queens,079200,2365
Queens,079300,0
Queens,079701,7251
Queens,079702,4636
Queens,079900,3196
Queens,080301,3891
Queens,080302,3186
Queens,080900,6401
Queens,081400,3642
Queens,081800,3531
Queens,083700,5129
Queens,083800,4764
Queens,084000,6903
Queens,084500,4883
Queens,084601,2817
Queens,084602,1109
Queens,084900,7359
Queens,085300,5861
Queens,085500,7135
Queens,085700,6207
Queens,085900,4950
Queens,086100,2461
Queens,086300,7207
Queens,086400,2481
Queens,086500,4156
Queens,086900,1469
Queens,087100,1834
Queens,088400,7929
Queens,088901,9079
Queens,089200,8647
Queens,090700,1354
Queens,091601,4204
Queens,091602,22
Queens,091800,16
Queens,091900,5454
Queens,092200,2206
Queens,092500,3344
Queens,092800,3440
Queens,092900,5375
Queens,093401,3869
Queens,093402,4050
Queens,093800,4345
Queens,093900,3741
Queens,094201,1967
Queens,094202,3629
Queens,094203,5441
Queens,094500,4209
Queens,094700,2139
Queens,095400,4033
Queens,096400,3732
Queens,097202,3270
Queens,097203,5886
Queens,097204,2866
Queens,097300,2265
Queens,098100,1908
Queens,098700,2599
Queens,099100,6659
Queens,099200,2788
Queens,099701,2792
Queens,099703,4272
Queens,099704,7923
Queens,099705,1975
Queens,099801,8041
Queens,099802,4867
Queens,099900,0
Queens,100801,2222
Queens,100802,7613
Queens,101001,9479
Queens,101002,3751
Queens,101700,5769
Queens,102900,3406
Queens,103201,5701
Queens,103202,6670
Queens,103300,4149
Queens,103900,6161
Queens,104700,7207
Queens,105900,3742
Queens,107201,2630
Queens,107202,0
Queens,108500,2775
Queens,109300,3041
Queens,109700,2048
Queens,109900,3335
Queens,111300,2514
Queens,112300,2111
Queens,112900,2293
Queens,113300,1696
Queens,113900,3328
Queens,114100,2463
Queens,114700,1800
Queens,115100,1210
Queens,115500,2135
Queens,115700,3465
Queens,115900,4284
Queens,116100,4542
Queens,116300,9375
Queens,116700,2075
Queens,117100,3070
Queens,117500,4976
Queens,118100,1811
Queens,118500,2048
Queens,118700,2491
Queens,118900,2395
Queens,119100,2944
Queens,119300,2350
Queens,119500,1381
Queens,119900,1506
Queens,120100,1712
Queens,120300,1616
Queens,120500,2837
Queens,120700,2775
Queens,121100,0
Queens,121500,3907
Queens,122300,3330
Queens,122701,9953
Queens,122702,6263
Queens,124100,3754
Queens,124700,3643
Queens,125700,3162
Queens,126500,1784
Queens,126700,3007
Queens,127700,3656
Queens,128300,0
Queens,129102,3269
Queens,129103,3712
Queens,129104,4501
Queens,130100,3998
Queens,133300,3864
Queens,133900,1277
Queens,134100,3280
Queens,134700,8952
Queens,136700,5721
Queens,137700,6138
Queens,138501,4532
Queens,138502,63
Queens,139900,1760
Queens,140300,2395
Queens,140901,1000
Queens,140902,2466
Queens,141700,4614
Queens,142900,3657
Queens,143500,2174
Queens,144100,2986
Queens,144700,2808
Queens,145101,1458
Queens,145102,2488
Queens,145900,2867
Queens,146300,3075
Queens,146700,2682
Queens,147100,3190
Queens,147900,3904
Queens,148300,3049
Queens,150701,2970
Queens,150702,3229
Queens,152901,6239
Queens,152902,4965
Queens,155101,2195
Queens,155102,7803
Queens,156700,1204
Queens,157101,7258
Queens,157102,1464
Queens,157901,4902
Queens,157902,3685
Queens,157903,3841
Queens,161700,4359
Queens,162100,6181
Queens,990100,0
Staten Island,000300,2235
Staten Island,000600,2534
Staten Island,000700,4947
Staten Island,000800,4822
Staten Island,000900,2109
Staten Island,001100,3705
Staten Island,001700,1672
Staten Island,001800,1050
Staten Island,002001,2299
Staten Island,002002,3236
Staten Island,002100,3459
Staten Island,002700,1788
Staten Island,002900,5301
Staten Island,003300,3180
Staten Island,003600,2173
Staten Island,003900,2196
Staten Island,004000,11105
Staten Island,004700,3353
Staten Island,005000,3649
Staten Island,005900,2633
Staten Island,006400,3659
Staten Island,006700,2856
Staten Island,007000,7298
Staten Island,007400,3644
Staten Island,007500,3693
Staten Island,007700,1566
Staten Island,008100,4360
Staten Island,008900,0
Staten Island,009601,3843
Staten Island,009602,3340
Staten Island,009700,3818
Staten Island,010500,4415
Staten Island,011201,5590
Staten Island,011202,5605
Staten Island,011401,2946
Staten Island,011402,3254
Staten Island,012100,3187
Staten Island,012200,3759
Staten Island,012500,2803
Staten Island,012804,3903
Staten Island,012805,2670
Staten Island,012806,6262
Staten Island,013201,1569
Staten Island,013203,5491
Staten Island,013204,5138
Staten Island,013301,1705
Staten Island,013302,2764
Staten Island,013400,3721
Staten Island,013800,6627
Staten Island,014100,2142
Staten Island,014604,6600
Staten Island,014605,3927
Staten Island,014606,6558
Staten Island,014607,4655
Staten Island,014608,3620
Staten Island,014700,3421
Staten Island,015100,5030
Staten Island,015400,7
Staten Island,015601,6437
Staten Island,015602,3512
Staten Island,015603,4392
Staten Island,016901,2971
Staten Island,017005,3968
Staten Island,017007,3006
Staten Island,017008,8230
Staten Island,017009,4482
Staten Island,017010,9278
Staten Island,017011,4480
Staten Island,017012,4545
Staten Island,017300,2540
Staten Island,017600,4812
Staten Island,017700,6920
Staten Island,018100,3084
Staten Island,018701,1740
Staten Island,018702,7323
Staten Island,018901,5290
Staten Island,018902,4978
Staten Island,019700,1910
Staten Island,019800,5059
Staten Island,020100,3428
Staten Island,020700,5154
Staten Island,020801,8261
Staten Island,020803,5318
Staten Island,020804,5315
Staten Island,021300,4759
Staten Island,022300,2264
Staten Island,022600,6063
Staten Island,022800,46
Staten Island,023100,3281
Staten Island,023900,2995
Staten Island,024401,5001
Staten Island,024402,3400
Staten Island,024700,2353
Staten Island,024800,3868
Staten Island,025100,5776
Staten Island,027301,3652
Staten Island,027302,3932
Staten Island,027702,5883
Staten Island,027704,3939
Staten Island,027705,5725
Staten Island,027706,3118
Staten Island,027900,2093
Staten Island,029102,2329
Staten Island,029103,7570
Staten Island,029104,6939
Staten Island,030301,4882
Staten Island,030302,6125
Staten Island,031901,3262
Staten Island,031902,4131
Staten Island,032300,1017
Staten Island,990100,0
Bronx,000100,11091
Bronx,000200,4334
Bronx,000400,5503
Bronx,001600,5643
Bronx,001900,1917
Bronx,002000,8731
Bronx,002300,4933
Bronx,002400,4
Bronx,002500,5491
Bronx,002701,3113
Bronx,002702,4475
Bronx,002800,5586
Bronx,003100,1597
Bronx,003300,3413
Bronx,003500,3761
Bronx,003700,245
Bronx,003800,1264
Bronx,003900,6475
Bronx,004001,1420
Bronx,004100,6127
Bronx,004200,7143
Bronx,004300,5056
Bronx,004400,4797
Bronx,004600,1555
Bronx,004800,3883
Bronx,005001,4767
Bronx,005002,5823
Bronx,005100,5810
Bronx,005200,2031
Bronx,005300,4669
Bronx,005400,5853
Bronx,005600,2711
Bronx,005902,2582
Bronx,006000,1129
Bronx,006100,3713
Bronx,006200,6585
Bronx,006300,5280
Bronx,006400,3967
Bronx,006500,5337
Bronx,006700,6984
Bronx,006800,2897
Bronx,006900,7564
Bronx,007000,4584
Bronx,007100,1907
Bronx,007200,5432
Bronx,007300,3893
Bronx,007400,3710
Bronx,007500,4869
Bronx,007600,5190
Bronx,007700,1927
Bronx,007800,6418
Bronx,007900,6733
Bronx,008300,6155
Bronx,008400,2374
Bronx,008500,5457
Bronx,008600,4176
Bronx,008700,5466
Bronx,008900,3177
Bronx,009000,3667
Bronx,009200,5017
Bronx,009300,6356
Bronx,009600,2594
Bronx,009800,5038
Bronx,011000,151
Bronx,011502,4340
Bronx,011700,1585
Bronx,011800,5089
Bronx,011900,5698
Bronx,012101,3090
Bronx,012102,1631
Bronx,012300,4152
Bronx,012500,3905
Bronx,012701,2253
Bronx,012901,4015
Bronx,013000,1032
Bronx,013100,5103
Bronx,013200,5890
Bronx,013300,6384
Bronx,013500,3583
Bronx,013800,3042
Bronx,014100,3437
Bronx,014300,1003
Bronx,014400,5880
Bronx,014500,5816
Bronx,014701,6461
Bronx,014702,5110
Bronx,014900,4591
Bronx,015100,5409
Bronx,015200,2341
Bronx,015300,4031
Bronx,015500,3005
Bronx,015700,3580
Bronx,015800,1206
Bronx,015900,2164
Bronx,016000,3767
Bronx,016100,4380
Bronx,016200,1769
Bronx,016300,0
Bronx,016400,1141
Bronx,016500,1077
Bronx,016600,2166
Bronx,016700,2047
Bronx,016900,1663
Bronx,017100,0
Bronx,017300,5987
Bronx,017500,6911
Bronx,017701,4294
Bronx,017702,4805
Bronx,017901,4677
Bronx,017902,3587
Bronx,018101,3300
Bronx,018102,5555
Bronx,018301,4525
Bronx,018302,3647
Bronx,018400,3855
Bronx,018500,7466
Bronx,018900,7752
Bronx,019300,5461
Bronx,019400,1903
Bronx,019500,7756
Bronx,019700,7501
Bronx,019900,8154
Bronx,020000,4878
Bronx,020100,4013
Bronx,020200,2155
Bronx,020400,2976
Bronx,020501,6996
Bronx,020502,1764
Bronx,020601,3050
Bronx,020900,4361
Bronx,021001,8521
Bronx,021002,6839
Bronx,021100,5565
Bronx,021200,5267
Bronx,021301,1201
Bronx,021302,5415
Bronx,021501,3506
Bronx,021502,6051
Bronx,021601,4206
Bronx,021602,5769
Bronx,021700,5334
Bronx,021800,6499
Bronx,021900,1367
Bronx,022000,1487
Bronx,022101,3849
Bronx,022102,5488
Bronx,022200,3425
Bronx,022300,5047
Bronx,022401,2708
Bronx,022403,3188
Bronx,022404,4509
Bronx,022500,7698
Bronx,022701,5196
Bronx,022702,1699
Bronx,022703,1556
Bronx,022800,6218
Bronx,022901,5370
Bronx,022902,3273
Bronx,023000,2950
Bronx,023100,1537
Bronx,023200,2661
Bronx,023301,4377
Bronx,023302,3415
Bronx,023501,3341
Bronx,023502,4386
Bronx,023600,1907
Bronx,023702,1241
Bronx,023703,5253
Bronx,023704,3758
Bronx,023800,2615
Bronx,023900,8348
Bronx,024000,3882
Bronx,024100,6182
Bronx,024300,5685
Bronx,024400,2120
Bronx,024501,4864
Bronx,024502,3640
Bronx,024600,2058
Bronx,024700,1764
Bronx,024800,3363
Bronx,024900,0
Bronx,025000,2383
Bronx,025100,6802
Bronx,025200,2530
Bronx,025300,6332
Bronx,025400,1959
Bronx,025500,6529
Bronx,025600,1663
Bronx,025700,1912
Bronx,026100,1932
Bronx,026300,6984
Bronx,026400,4935
Bronx,026500,6942
Bronx,026601,2911
Bronx,026602,5301
Bronx,026701,4037
Bronx,026702,7040
Bronx,026900,3777
Bronx,027300,7942
Bronx,027401,4785
Bronx,027402,3386
Bronx,027600,473
Bronx,027700,5065
Bronx,027900,6966
Bronx,028100,3794
Bronx,028300,3149
Bronx,028400,894
Bronx,028500,3307
Bronx,028600,1191
Bronx,028700,3178
Bronx,028800,3097
Bronx,028900,4502
Bronx,029301,1875
Bronx,029302,5052
Bronx,029500,4240
Bronx,029600,2549
Bronx,029700,3554
Bronx,030000,5838
Bronx,030100,1304
Bronx,030200,8887
Bronx,030701,5378
Bronx,030900,3891
Bronx,031000,4415
Bronx,031200,1524
Bronx,031400,1966
Bronx,031600,1863
Bronx,031800,1810
Bronx,031900,751
Bronx,032300,4904
Bronx,032400,2957
Bronx,032600,3154
Bronx,032800,3979
Bronx,033000,5696
Bronx,033201,4115
Bronx,033202,4167
Bronx,033400,1351
Bronx,033500,2178
Bronx,033600,6188
Bronx,033700,2357
Bronx,033800,3818
Bronx,034000,4618
Bronx,034200,1675
Bronx,034300,1649
Bronx,034400,1736
Bronx,034500,3566
Bronx,034800,6129
Bronx,035000,1925
Bronx,035100,3186
Bronx,035600,2027
Bronx,035800,7166
Bronx,035900,2061
Bronx,036000,2706
Bronx,036100,6019
Bronx,036300,7509
Bronx,036400,2557
Bronx,036501,3965
Bronx,036502,2423
Bronx,036700,2599
Bronx,036800,2011
Bronx,036901,2005
Bronx,036902,2119
Bronx,037000,2303
Bronx,037100,4241
Bronx,037200,2222
Bronx,037300,5318
Bronx,037400,3441
Bronx,037504,3677
Bronx,037600,2148
Bronx,037800,3048
Bronx,037900,5093
Bronx,038000,4585
Bronx,038100,6382
Bronx,038200,2596
Bronx,038301,4797
Bronx,038302,6106
Bronx,038500,4758
Bronx,038600,7409
Bronx,038700,3216
Bronx,038800,2606
Bronx,038900,5325
Bronx,039000,2975
Bronx,039100,6992
Bronx,039200,1781
Bronx,039300,8143
Bronx,039400,4573
Bronx,039500,4146
Bronx,039600,3756
Bronx,039700,3702
Bronx,039800,3090
Bronx,039901,5228
Bronx,039902,5279
Bronx,040100,4593
Bronx,040302,4386
Bronx,040303,4478
Bronx,040304,3794
Bronx,040400,3016
Bronx,040501,4397
Bronx,040502,6863
Bronx,040600,3490
Bronx,040701,3347
Bronx,040702,6652
Bronx,040800,4263
Bronx,040900,3637
Bronx,041100,2931
Bronx,041300,7384
Bronx,041400,5027
Bronx,041500,5461
Bronx,041800,3598
Bronx,041900,6734
Bronx,042000,3850
Bronx,042100,5922
Bronx,042200,3086
Bronx,042300,4100
Bronx,042400,2481
Bronx,042500,6793
Bronx,042600,6387
Bronx,042800,2173
Bronx,042901,3420
Bronx,042902,3845
Bronx,043000,2898
Bronx,043100,9680
Bronx,043400,3592
Bronx,043500,39
Bronx,043600,2032
Bronx,044200,3555
Bronx,044400,3878
Bronx,044800,2026
Bronx,044901,1818
Bronx,044902,1949
Bronx,045101,1656
Bronx,045102,1894
Bronx,045600,2896
Bronx,045800,6123
Bronx,046000,2741
Bronx,046201,26588
Bronx,046202,8277
Bronx,048400,3598
Bronx,050400,39
Bronx,051600,4362
Brooklyn,000100,4338
Brooklyn,000200,1470
Brooklyn,000301,4259
Brooklyn,000501,4247
Brooklyn,000502,2512
Brooklyn,000700,3359
Brooklyn,000900,4172
Brooklyn,001100,84
Brooklyn,001300,2275
Brooklyn,001500,3521
Brooklyn,001800,2105
Brooklyn,002000,1672
Brooklyn,002100,3604
Brooklyn,002200,4613
Brooklyn,002300,4247
Brooklyn,002901,3218
Brooklyn,003000,1730
Brooklyn,003100,2472
Brooklyn,003300,2327
Brooklyn,003400,3047
Brooklyn,003500,1554
Brooklyn,003600,3804
Brooklyn,003700,390
Brooklyn,003800,1498
Brooklyn,003900,2229
Brooklyn,004100,3598
Brooklyn,004300,3008
Brooklyn,004400,2359
Brooklyn,004500,3325
Brooklyn,004600,1199
Brooklyn,004700,1445
Brooklyn,004900,2516
Brooklyn,005000,2276
Brooklyn,005100,2171
Brooklyn,005201,1829
Brooklyn,005202,2481
Brooklyn,005300,1888
Brooklyn,005400,3139
Brooklyn,005601,2505
Brooklyn,005602,1586
Brooklyn,005800,3152
Brooklyn,005900,1384
Brooklyn,006000,2826
Brooklyn,006200,2853
Brooklyn,006300,1892
Brooklyn,006400,3478
Brooklyn,006500,5191
Brooklyn,006600,3663
Brooklyn,006700,3301
Brooklyn,006800,4870
Brooklyn,006900,3537
Brooklyn,007000,2344
Brooklyn,007100,4495
Brooklyn,007200,1946
Brooklyn,007400,5451
Brooklyn,007500,4383
Brooklyn,007600,4412
Brooklyn,007700,3901
Brooklyn,007800,5068
Brooklyn,008000,4169
Brooklyn,008200,4141
Brooklyn,008400,3299
Brooklyn,008500,6956
Brooklyn,008600,0
Brooklyn,008800,3207
Brooklyn,009000,2994
Brooklyn,009200,5388
Brooklyn,009400,5805
Brooklyn,009600,6126
Brooklyn,009800,7024
Brooklyn,010000,6737
Brooklyn,010100,4093
Brooklyn,010200,5622
Brooklyn,010400,5908
Brooklyn,010600,5851
Brooklyn,010800,5280
Brooklyn,011000,2441
Brooklyn,011200,6436
Brooklyn,011400,3976
Brooklyn,011600,4816
Brooklyn,011700,2364
Brooklyn,011800,2253
Brooklyn,011900,1530
Brooklyn,012000,1268
Brooklyn,012100,1619
Brooklyn,012200,5339
Brooklyn,012600,2652
Brooklyn,012700,3507
Brooklyn,012801,2117
Brooklyn,012901,2159
Brooklyn,012902,1964
Brooklyn,013000,4792
Brooklyn,013100,3828
Brooklyn,013200,2239
Brooklyn,013300,3730
Brooklyn,013400,3907
Brooklyn,013500,3596
Brooklyn,013600,3927
Brooklyn,013700,3057
Brooklyn,013800,3168
Brooklyn,013900,3481
Brooklyn,014000,1826
Brooklyn,014100,3017
Brooklyn,014200,3223
Brooklyn,014300,3487
Brooklyn,014500,4179
Brooklyn,014700,2084
Brooklyn,014800,1209
Brooklyn,014900,4976
Brooklyn,015000,1574
Brooklyn,015100,3578
Brooklyn,015200,2309
Brooklyn,015300,3041
Brooklyn,015400,0
Brooklyn,015500,3272
Brooklyn,015700,4135
Brooklyn,015900,5036
Brooklyn,016000,4217
Brooklyn,016100,3075
Brooklyn,016200,2082
Brooklyn,016300,2991
Brooklyn,016400,764
Brooklyn,016500,5141
Brooklyn,016600,2059
Brooklyn,016700,4638
Brooklyn,016800,1510
Brooklyn,016900,4497
Brooklyn,017000,3254
Brooklyn,017100,3749
Brooklyn,017200,2931
Brooklyn,017400,1793
Brooklyn,017500,5
Brooklyn,017600,2295
Brooklyn,017700,0
Brooklyn,017800,2898
Brooklyn,017900,3624
Brooklyn,018000,3193
Brooklyn,018100,3936
Brooklyn,018200,3163
Brooklyn,018300,2500
Brooklyn,018400,2002
Brooklyn,018501,3827
Brooklyn,018600,2124
Brooklyn,018700,1411
Brooklyn,018800,2640
Brooklyn,019000,4782
Brooklyn,019100,2332
Brooklyn,019200,2772
Brooklyn,019300,5628
Brooklyn,019400,3305
Brooklyn,019500,3366
Brooklyn,019600,4353
Brooklyn,019700,3313
Brooklyn,019800,1702
Brooklyn,019900,2929
Brooklyn,020000,2265
Brooklyn,020100,3421
Brooklyn,020200,1874
Brooklyn,020300,1697
Brooklyn,020400,1708
Brooklyn,020500,2469
Brooklyn,020600,2220
Brooklyn,020700,4310
Brooklyn,020800,3048
Brooklyn,021000,3968
Brooklyn,021100,1210
Brooklyn,021200,4643
Brooklyn,021300,4205
Brooklyn,021400,2152
Brooklyn,021500,5307
Brooklyn,021600,4015
Brooklyn,021700,3597
Brooklyn,021800,3761
Brooklyn,021900,3595
Brooklyn,022000,4939
Brooklyn,022100,3609
Brooklyn,022200,4693
Brooklyn,022400,5486
Brooklyn,022600,2516
Brooklyn,022700,3454
Brooklyn,022800,3306
Brooklyn,022900,3395
Brooklyn,023000,4515
Brooklyn,023100,3025
Brooklyn,023200,5699
Brooklyn,023300,5061
Brooklyn,023400,5059
Brooklyn,023500,3928
Brooklyn,023600,5600
Brooklyn,023800,4590
Brooklyn,024000,4693
Brooklyn,024100,2229
Brooklyn,024200,2984
Brooklyn,024300,3786
Brooklyn,024400,3238
Brooklyn,024500,3946
Brooklyn,024600,3256
Brooklyn,024700,2316
Brooklyn,024800,2698
Brooklyn,024900,3823
Brooklyn,025000,1722
Brooklyn,025100,3816
Brooklyn,025200,4786
Brooklyn,025300,2754
Brooklyn,025400,3500
Brooklyn,025500,5102
Brooklyn,025600,3058
Brooklyn,025700,2131
Brooklyn,025800,4597
Brooklyn,025901,2010
Brooklyn,025902,3419
Brooklyn,026000,3649
Brooklyn,026100,4917
Brooklyn,026200,2374
Brooklyn,026300,1868
Brooklyn,026400,4592
Brooklyn,026500,3838
Brooklyn,026600,3733
Brooklyn,026700,3920
Brooklyn,026800,4188
Brooklyn,026900,2770
Brooklyn,027000,2449
Brooklyn,027100,2471
Brooklyn,027200,3480
Brooklyn,027300,2813
Brooklyn,027400,3028
Brooklyn,027500,4180
Brooklyn,027600,3694
Brooklyn,027700,3945
Brooklyn,027800,3220
Brooklyn,027900,3674
Brooklyn,028000,1761
Brooklyn,028100,4193
Brooklyn,028200,2943
Brooklyn,028300,4097
Brooklyn,028400,4003
Brooklyn,028501,428
Brooklyn,028502,2802
Brooklyn,028600,4814
Brooklyn,028700,2991
Brooklyn,028800,3458
Brooklyn,028900,3538
Brooklyn,029000,3920
Brooklyn,029100,3101
Brooklyn,029200,2539
Brooklyn,029300,3106
Brooklyn,029400,2321
Brooklyn,029500,3425
Brooklyn,029600,5546
Brooklyn,029700,3344
Brooklyn,029800,3717
Brooklyn,029900,2579
Brooklyn,030000,4120
Brooklyn,030100,2750
Brooklyn,030200,4214
Brooklyn,030300,4458
Brooklyn,030400,4281
Brooklyn,030500,5549
Brooklyn,030600,2005
Brooklyn,030700,4544
Brooklyn,030800,1949
Brooklyn,030900,1754
Brooklyn,031100,2833
Brooklyn,031300,4648
Brooklyn,031400,4544
Brooklyn,031500,5175
Brooklyn,031701,3433
Brooklyn,031702,3363
Brooklyn,031900,3508
Brooklyn,032100,5001
Brooklyn,032300,3554
Brooklyn,032500,6405
Brooklyn,032600,6948
Brooklyn,032700,2924
Brooklyn,032800,3138
Brooklyn,032900,5582
Brooklyn,033000,4587
Brooklyn,033100,4520
Brooklyn,033300,4085
Brooklyn,033500,3139
Brooklyn,033600,4759
Brooklyn,033700,4105
Brooklyn,033900,4376
Brooklyn,034000,2248
Brooklyn,034100,2607
Brooklyn,034200,6502
Brooklyn,034300,5281
Brooklyn,034500,2647
Brooklyn,034700,3228
Brooklyn,034800,2537
Brooklyn,034900,5403
Brooklyn,035000,3296
Brooklyn,035100,4597
Brooklyn,035200,1246
Brooklyn,035300,5161
Brooklyn,035400,6271
Brooklyn,035500,5253
Brooklyn,035601,2912
Brooklyn,035602,5271
Brooklyn,035700,2506
Brooklyn,035900,5685
Brooklyn,036001,3217
Brooklyn,036002,3930
Brooklyn,036100,2608
Brooklyn,036200,4204
Brooklyn,036300,4108
Brooklyn,036400,2405
Brooklyn,036501,2624
Brooklyn,036502,1255
Brooklyn,036600,4767
Brooklyn,036700,1305
Brooklyn,036900,4923
Brooklyn,037000,4085
Brooklyn,037100,4120
Brooklyn,037300,3784
Brooklyn,037401,4301
Brooklyn,037402,4573
Brooklyn,037500,2910
Brooklyn,037700,3660
Brooklyn,037900,3706
Brooklyn,038100,4763
Brooklyn,038200,5943
Brooklyn,038300,3931
Brooklyn,038500,3422
Brooklyn,038600,3477
Brooklyn,038700,4010
Brooklyn,038800,3841
Brooklyn,038900,2773
Brooklyn,039000,2282
Brooklyn,039100,2303
Brooklyn,039200,2756
Brooklyn,039300,3549
Brooklyn,039400,2441
Brooklyn,039500,3380
Brooklyn,039600,2126
Brooklyn,039700,3389
Brooklyn,039800,2644
Brooklyn,039900,3823
Brooklyn,040000,3069
Brooklyn,040100,3518
Brooklyn,040200,2740
Brooklyn,040300,3538
Brooklyn,040400,2551
Brooklyn,040500,1480
Brooklyn,040600,3184
Brooklyn,040700,14
Brooklyn,040800,3566
Brooklyn,040900,3752
Brooklyn,041000,1773
Brooklyn,041100,3302
Brooklyn,041200,2929
Brooklyn,041300,3822
Brooklyn,041401,1351
Brooklyn,041402,1612
Brooklyn,041500,4064
Brooklyn,041600,2324
Brooklyn,041700,3609
Brooklyn,041800,2359
Brooklyn,041900,3770
Brooklyn,042000,1896
Brooklyn,042100,3920
Brooklyn,042200,3568
Brooklyn,042300,4217
Brooklyn,042400,3666
Brooklyn,042500,3042
Brooklyn,042600,4135
Brooklyn,042700,5074
Brooklyn,042800,3857
Brooklyn,042900,5630
Brooklyn,043000,3333
Brooklyn,043100,5113
Brooklyn,043200,4250
Brooklyn,043300,4064
Brooklyn,043400,3433
Brooklyn,043500,4463
Brooklyn,043600,4160
Brooklyn,043700,5240
Brooklyn,043800,2481
Brooklyn,043900,3829
Brooklyn,044000,2880
Brooklyn,044100,5643
Brooklyn,044200,2658
Brooklyn,044300,5557
Brooklyn,044400,3336
Brooklyn,044500,4446
Brooklyn,044600,1909
Brooklyn,044700,2310
Brooklyn,044800,1915
Brooklyn,044900,2932
Brooklyn,045000,673
Brooklyn,045200,2701
Brooklyn,045300,2017
Brooklyn,045400,1852
Brooklyn,045600,2357
Brooklyn,045800,1490
Brooklyn,046000,3729
Brooklyn,046201,2632
Brooklyn,046202,1803
Brooklyn,046400,2838
Brooklyn,046800,2054
Brooklyn,047000,2886
Brooklyn,047200,3141
Brooklyn,047400,2969
Brooklyn,047600,3646
Brooklyn,047700,3318
Brooklyn,047800,4848
Brooklyn,048000,3769
Brooklyn,048100,2778
Brooklyn,048200,5331
Brooklyn,048400,5481
Brooklyn,048500,2510
Brooklyn,048600,3568
Brooklyn,048800,4395
Brooklyn,048900,4039
Brooklyn,049000,5899
Brooklyn,049100,6418
Brooklyn,049200,3495
Brooklyn,049300,7625
Brooklyn,049400,5308
Brooklyn,049500,2603
Brooklyn,049600,4513
Brooklyn,049700,2645
Brooklyn,049800,4232
Brooklyn,049900,1753
Brooklyn,050000,3474
Brooklyn,050100,2786
Brooklyn,050202,2201
Brooklyn,050300,2582
Brooklyn,050400,4527
Brooklyn,050500,4163
Brooklyn,050600,6016
Brooklyn,050700,2288
Brooklyn,050801,4080
Brooklyn,050803,2464
Brooklyn,050804,6250
Brooklyn,050900,3694
Brooklyn,051001,3926
Brooklyn,051002,4725
Brooklyn,051100,3933
Brooklyn,051200,6398
Brooklyn,051300,4332
Brooklyn,051400,7366
Brooklyn,051500,1372
Brooklyn,051601,5732
Brooklyn,051602,4028
Brooklyn,051700,1735
Brooklyn,051800,3415
Brooklyn,051900,3564
Brooklyn,052000,4228
Brooklyn,052300,5469
Brooklyn,052500,3499
Brooklyn,052600,4357
Brooklyn,052700,6629
Brooklyn,052800,1818
Brooklyn,052900,3979
Brooklyn,053000,3465
Brooklyn,053100,7027
Brooklyn,053200,2579
Brooklyn,053300,6566
Brooklyn,053400,4383
Brooklyn,053500,4348
Brooklyn,053700,3575
Brooklyn,053800,4473
Brooklyn,053900,2756
Brooklyn,054200,4450
Brooklyn,054300,327
Brooklyn,054400,3406
Brooklyn,054500,8008
Brooklyn,054600,4346
Brooklyn,054700,5245
Brooklyn,054800,1989
Brooklyn,054900,3122
Brooklyn,055000,3551
Brooklyn,055100,4597
Brooklyn,055200,3498
Brooklyn,055300,2596
Brooklyn,055400,4216
Brooklyn,055500,1959
Brooklyn,055600,3712
Brooklyn,055700,1655
Brooklyn,055800,2390
Brooklyn,056000,3493
Brooklyn,056100,3295
Brooklyn,056200,1654
Brooklyn,056300,4360
Brooklyn,056400,2451
Brooklyn,056500,3255
Brooklyn,056600,2419
Brooklyn,056800,1314
Brooklyn,056900,1630
Brooklyn,057000,3384
Brooklyn,057100,4400
Brooklyn,057200,5443
Brooklyn,057300,2608
Brooklyn,057400,2657
Brooklyn,057500,4249
Brooklyn,057600,2918
Brooklyn,057800,3176
Brooklyn,057900,1117
Brooklyn,058000,3365
Brooklyn,058200,2967
Brooklyn,058400,3620
Brooklyn,058600,2519
Brooklyn,058800,3245
Brooklyn,058900,1904
Brooklyn,059000,1899
Brooklyn,059100,3920
Brooklyn,059200,3870
Brooklyn,059300,2228
Brooklyn,059401,7628
Brooklyn,059402,4551
Brooklyn,059600,2306
Brooklyn,059800,3427
Brooklyn,060000,6067
Brooklyn,060600,2555
Brooklyn,060800,3574
Brooklyn,061002,4508
Brooklyn,061003,1984
Brooklyn,061004,6447
Brooklyn,061200,1076
Brooklyn,061600,1656
Brooklyn,062000,1850
Brooklyn,062200,3252
Brooklyn,062600,2788
Brooklyn,062800,5226
Brooklyn,063200,1447
Brooklyn,063600,1236
Brooklyn,063800,1524
Brooklyn,064000,1599
Brooklyn,064200,2518
Brooklyn,064400,2528
Brooklyn,064600,2189
Brooklyn,064800,1945
Brooklyn,065000,1389
Brooklyn,065200,1232
Brooklyn,065400,1607
Brooklyn,065600,1708
Brooklyn,065800,1762
Brooklyn,066000,1773
Brooklyn,066200,1411
Brooklyn,066600,0
Brooklyn,067000,2680
Brooklyn,067200,1422
Brooklyn,067400,1964
Brooklyn,067600,1657
Brooklyn,067800,2660
Brooklyn,068000,1809
Brooklyn,068200,2432
Brooklyn,068600,1533
Brooklyn,068800,1614
Brooklyn,069000,1791
Brooklyn,069200,2392
Brooklyn,069601,3780
Brooklyn,069602,5995
Brooklyn,069800,1277
Brooklyn,070000,1703
Brooklyn,070201,6573
Brooklyn,070202,37
Brooklyn,070203,0
Brooklyn,070600,2700
Brooklyn,072000,2167
Brooklyn,072200,2655
Brooklyn,072400,1755
Brooklyn,072600,2093
Brooklyn,072800,3193
Brooklyn,073000,1979
Brooklyn,073200,2096
Brooklyn,073400,1889
Brooklyn,073600,3368
Brooklyn,073800,3225
Brooklyn,074000,3531
Brooklyn,074200,3292
Brooklyn,074400,2492
Brooklyn,074600,2003
Brooklyn,074800,2012
Brooklyn,075000,3029
Brooklyn,075200,1130
Brooklyn,075400,1488
Brooklyn,075600,1993
Brooklyn,075800,1816
Brooklyn,076000,2776
Brooklyn,076200,4235
Brooklyn,076400,3487
Brooklyn,076600,2061
Brooklyn,076800,3407
Brooklyn,077000,2722
Brooklyn,077200,3394
Brooklyn,077400,2881
Brooklyn,077600,3806
Brooklyn,078000,2092
Brooklyn,078200,3864
Brooklyn,078400,2348
Brooklyn,078600,4256
Brooklyn,078800,3422
Brooklyn,079000,5094
Brooklyn,079200,4372
Brooklyn,079400,1864
Brooklyn,079601,4413
Brooklyn,079602,4814
Brooklyn,079801,3037
Brooklyn,079802,5451
Brooklyn,080000,3487
Brooklyn,080200,4304
Brooklyn,080400,3250
Brooklyn,080600,3386
Brooklyn,080800,1197
Brooklyn,081000,2300
Brooklyn,081400,2635
Brooklyn,081600,2791
Brooklyn,081800,4551
Brooklyn,082000,5281
Brooklyn,082200,7280
Brooklyn,082400,4730
Brooklyn,082600,5513
Brooklyn,082800,3814
Brooklyn,083000,5997
Brooklyn,083200,2289
Brooklyn,083400,1701
Brooklyn,083600,1929
Brooklyn,083800,2189
Brooklyn,084000,2412
Brooklyn,084600,1963
Brooklyn,084800,1750
Brooklyn,085000,1374
Brooklyn,085200,29
Brooklyn,085400,2052
Brooklyn,085600,3608
Brooklyn,085800,2434
Brooklyn,086000,3426
Brooklyn,086200,2996
Brooklyn,086400,2231
Brooklyn,086600,3149
Brooklyn,086800,3156
Brooklyn,087000,3204
Brooklyn,087200,2868
Brooklyn,087401,3142
Brooklyn,087600,1742
Brooklyn,087800,3006
Brooklyn,088000,2863
Brooklyn,088200,6740
Brooklyn,088400,5236
Brooklyn,088600,4427
Brooklyn,088800,3923
Brooklyn,089000,6319
Brooklyn,089200,3651
Brooklyn,089400,3430
Brooklyn,089600,3546
Brooklyn,089800,2089
Brooklyn,090000,5508
Brooklyn,090200,3451
Brooklyn,090600,4581
Brooklyn,090800,3990
Brooklyn,091000,5610
Brooklyn,091200,6814
Brooklyn,091600,4325
Brooklyn,091800,2804
Brooklyn,092000,3154
Brooklyn,092200,2691
Brooklyn,092400,2656
Brooklyn,092800,2656
Brooklyn,093000,2547
Brooklyn,093200,1142
Brooklyn,093400,2401
Brooklyn,093600,1628
Brooklyn,093800,2374
Brooklyn,094401,3202
Brooklyn,094402,2886
Brooklyn,094600,1830
Brooklyn,095000,2906
Brooklyn,095400,4607
Brooklyn,095600,4042
Brooklyn,095800,3456
Brooklyn,096000,0
Brooklyn,096200,1717
Brooklyn,096400,2361
Brooklyn,096600,2164
Brooklyn,096800,1471
Brooklyn,097000,2105
Brooklyn,097400,2724
Brooklyn,098200,4305
Brooklyn,098400,1978
Brooklyn,098600,2862
Brooklyn,098800,3054
Brooklyn,099000,1422
Brooklyn,099200,1833
Brooklyn,099400,1978
Brooklyn,099600,3631
Brooklyn,099800,3784
Brooklyn,100400,2567
Brooklyn,100600,2489
Brooklyn,100800,2124
Brooklyn,101000,2318
Brooklyn,101200,1932
Brooklyn,101400,2160
Brooklyn,101600,1464
Brooklyn,101800,1851
Brooklyn,102000,1922
Brooklyn,102200,2075
Brooklyn,102400,2123
Brooklyn,102600,2771
Brooklyn,102800,1579
Brooklyn,103400,3918
Brooklyn,105801,6928
Brooklyn,105804,6426
Brooklyn,107000,322
Brooklyn,107800,3849
Brooklyn,109800,1917
Brooklyn,110400,4358
Brooklyn,110600,4311
Brooklyn,111000,3216
Brooklyn,111600,3484
Brooklyn,111800,3053
Brooklyn,112000,3155
Brooklyn,112200,3371
Brooklyn,112400,3416
Brooklyn,112600,3783
Brooklyn,112800,3822
Brooklyn,113000,3891
Brooklyn,113200,1937
Brooklyn,113400,2838
Brooklyn,114201,1578
Brooklyn,114202,2766
Brooklyn,114400,2403
Brooklyn,114600,2998
Brooklyn,115000,2595
Brooklyn,115200,3094
Brooklyn,115600,4315
Brooklyn,115800,2983
Brooklyn,116000,2543
Brooklyn,116200,2157
Brooklyn,116400,2921
Brooklyn,116600,2907
Brooklyn,116800,2057
Brooklyn,117000,1880
Brooklyn,117201,2713
Brooklyn,117202,3907
Brooklyn,117400,4329
Brooklyn,117601,2750
Brooklyn,117602,3313
Brooklyn,117800,1717
Brooklyn,118000,6
Brooklyn,118201,3002
Brooklyn,118202,3083
Brooklyn,118400,5420
Brooklyn,118600,2969
Brooklyn,118800,4651
Brooklyn,119000,2127
Brooklyn,119200,3013
Brooklyn,119400,3914
Brooklyn,119600,5403
Brooklyn,119800,3426
Brooklyn,120000,2148
Brooklyn,120200,1900
Brooklyn,120800,8938
Brooklyn,121000,4035
Brooklyn,121400,4351
Brooklyn,122000,5495
Brooklyn,123700,6008
Brooklyn,150200,2540
Brooklyn,152200,3317
Brooklyn,990100,0
Manhattan,000100,2
Manhattan,000201,3058
Manhattan,000202,7316
Manhattan,000500,0
Manhattan,000600,11367
Manhattan,000700,8109
Manhattan,000800,10290
Manhattan,000900,731
Manhattan,001001,1434
Manhattan,001002,6547
Manhattan,001200,3397
Manhattan,001300,4479
Manhattan,001401,3005
Manhattan,001402,2782
Manhattan,001501,5518
Manhattan,001502,7476
Manhattan,001600,8478
Manhattan,001800,8660
Manhattan,002000,4917
Manhattan,002100,6040
Manhattan,002201,6398
Manhattan,002202,2189
Manhattan,002400,5434
Manhattan,002500,4869
Manhattan,002601,3772
Manhattan,002602,4227
Manhattan,002700,1264
Manhattan,002800,7114
Manhattan,002900,6398
Manhattan,003001,4492
Manhattan,003002,3106
Manhattan,003100,2550
Manhattan,003200,8234
Manhattan,003300,5156
Manhattan,003400,6612
Manhattan,003601,3393
Manhattan,003602,3151
Manhattan,003700,2447
Manhattan,003800,9237
Manhattan,003900,5860
Manhattan,004000,8651
Manhattan,004100,7817
Manhattan,004200,5145
Manhattan,004300,4270
Manhattan,004400,16538
Manhattan,004500,1136
Manhattan,004700,2524
Manhattan,004800,7229
Manhattan,004900,4942
Manhattan,005000,5055
Manhattan,005200,3408
Manhattan,005400,4536
Manhattan,005501,4204
Manhattan,005502,2257
Manhattan,005600,3322
Manhattan,005700,2781
Manhattan,005800,3512
Manhattan,005900,5401
Manhattan,006000,4511
Manhattan,006100,5224
Manhattan,006200,4437
Manhattan,006300,6380
Manhattan,006400,8090
Manhattan,006500,6202
Manhattan,006600,11740
Manhattan,006700,5461
Manhattan,006800,7614
Manhattan,006900,2759
Manhattan,007000,8871
Manhattan,007100,5429
Manhattan,007200,8664
Manhattan,007300,6215
Manhattan,007400,4319
Manhattan,007500,4159
Manhattan,007600,2277
Manhattan,007700,5966
Manhattan,007800,8391
Manhattan,007900,4442
Manhattan,008000,5377
Manhattan,008100,8047
Manhattan,008200,3262
Manhattan,008300,4092
Manhattan,008400,1595
Manhattan,008601,2618
Manhattan,008602,0
Manhattan,008603,4799
Manhattan,008700,6338
Manhattan,008800,7026
Manhattan,008900,5708
Manhattan,009000,7883
Manhattan,009100,6304
Manhattan,009200,1806
Manhattan,009300,8780
Manhattan,009400,73
Manhattan,009500,3040
Manhattan,009600,155
Manhattan,009700,5224
Manhattan,009800,7316
Manhattan,009900,1945
Manhattan,010000,1992
Manhattan,010100,1116
Manhattan,010200,230
Manhattan,010300,2058
Manhattan,010400,966
Manhattan,010601,7351
Manhattan,010602,4875
Manhattan,010800,9039
Manhattan,010900,183
Manhattan,011000,7169
Manhattan,011100,3512
Manhattan,011201,992
Manhattan,011202,441
Manhattan,011203,1401
Manhattan,011300,117
Manhattan,011401,1412
Manhattan,011402,2397
Manhattan,011500,2303
Manhattan,011600,3543
Manhattan,011700,3364
Manhattan,011800,8767
Manhattan,011900,1120
Manhattan,012000,3971
Manhattan,012100,8554
Manhattan,012200,3633
Manhattan,012400,10218
Manhattan,012500,2719
Manhattan,012600,12774
Manhattan,012700,6928
Manhattan,012800,6270
Manhattan,012900,6038
Manhattan,013000,4195
Manhattan,013100,2816
Manhattan,013200,10590
Manhattan,013300,6208
Manhattan,013400,11174
Manhattan,013500,6596
Manhattan,013600,15344
Manhattan,013700,6471
Manhattan,013800,12444
Manhattan,013900,9257
Manhattan,014000,7813
Manhattan,014200,4462
Manhattan,014300,25
Manhattan,014401,4864
Manhattan,014402,6743
Manhattan,014500,5542
Manhattan,014601,4274
Manhattan,014602,7904
Manhattan,014700,2755
Manhattan,014801,2863
Manhattan,014802,7066
Manhattan,014900,5842
Manhattan,015001,2294
Manhattan,015002,5437
Manhattan,015100,8306
Manhattan,015200,7275
Manhattan,015300,9320
Manhattan,015400,13749
Manhattan,015500,9350
Manhattan,015601,5345
Manhattan,015602,2298
Manhattan,015700,10751
Manhattan,015801,5650
Manhattan,015802,3346
Manhattan,015900,9623
Manhattan,016001,3744
Manhattan,016002,3131
Manhattan,016100,6437
Manhattan,016200,9308
Manhattan,016300,6624
Manhattan,016400,6127
Manhattan,016500,6402
Manhattan,016600,7317
Manhattan,016700,6564
Manhattan,016800,5675
Manhattan,016900,8108
Manhattan,017000,7855
Manhattan,017100,8989
Manhattan,017200,5504
Manhattan,017300,8939
Manhattan,017401,5248
Manhattan,017402,2093
Manhattan,017500,10820
Manhattan,017700,9151
Manhattan,017800,3912
Manhattan,017900,9293
Manhattan,018000,7476
Manhattan,018100,8866
Manhattan,018200,6768
Manhattan,018300,8667
Manhattan,018400,7835
Manhattan,018500,4190
Manhattan,018600,5701
Manhattan,018700,8974
Manhattan,018800,6008
Manhattan,018900,11547
Manhattan,019000,3083
Manhattan,019100,8807
Manhattan,019200,3584
Manhattan,019300,9009
Manhattan,019400,6558
Manhattan,019500,8197
Manhattan,019600,3931
Manhattan,019701,641
Manhattan,019702,2090
Manhattan,019800,1914
Manhattan,019900,10064
Manhattan,020000,2581
Manhattan,020101,1731
Manhattan,020102,3865
Manhattan,020300,3633
Manhattan,020500,5322
Manhattan,020600,2942
Manhattan,020701,3329
Manhattan,020800,4591
Manhattan,020901,3673
Manhattan,021000,6637
Manhattan,021100,10330
Manhattan,021200,4412
Manhattan,021303,5619
Manhattan,021400,3001
Manhattan,021500,3068
Manhattan,021600,7556
Manhattan,021703,6
Manhattan,021800,6617
Manhattan,021900,6023
Manhattan,022000,5370
Manhattan,022102,2175
Manhattan,022200,2644
Manhattan,022301,7917
Manhattan,022302,3385
Manhattan,022400,6427
Manhattan,022500,10149
Manhattan,022600,3778
Manhattan,022700,4864
Manhattan,022800,5248
Manhattan,022900,8300
Manhattan,023000,8106
Manhattan,023100,5865
Manhattan,023200,7980
Manhattan,023300,6527
Manhattan,023400,4465
Manhattan,023501,6004
Manhattan,023502,1819
Manhattan,023600,6404
Manhattan,023700,6811
Manhattan,023801,9723
Manhattan,023802,1938
Manhattan,023900,2371
Manhattan,024000,1648
Manhattan,024100,7642
Manhattan,024200,3396
Manhattan,024301,3946
Manhattan,024302,7370
Manhattan,024500,14934
Manhattan,024700,7074
Manhattan,024900,1101
Manhattan,025100,2526
Manhattan,025300,11236
Manhattan,025500,5771
Manhattan,025700,3876
Manhattan,025900,3496
Manhattan,026100,12087
Manhattan,026300,8729
Manhattan,026500,7021
Manhattan,026700,2173
Manhattan,026900,8428
Manhattan,027100,8196
Manhattan,027300,6370
Manhattan,027500,2846
Manhattan,027700,7086
Manhattan,027900,10292
Manhattan,028100,2867
Manhattan,028300,7627
Manhattan,028500,7216
Manhattan,028700,4035
Manhattan,029100,11288
Manhattan,029300,9033
Manhattan,029500,6941
Manhattan,029700,161
Manhattan,029900,3834
Manhattan,030300,3753
Manhattan,030700,3434
Manhattan,030900,8463
Manhattan,031100,2
Manhattan,031703,7709
Manhattan,031704,5677
Manhattan,031900,11
Queens,000100,4949
Queens,000200,2829
Queens,000400,4413
Queens,000600,3729
Queens,000700,4790
Queens,000800,3360
Queens,001000,3502
Queens,001200,3871
Queens,001400,3683
Queens,001600,2831
Queens,001800,2931
Queens,001900,1076
Queens,002000,1797
Queens,002200,2077
Queens,002400,2145
Queens,002500,7571
Queens,002600,2055
Queens,002800,3033
Queens,003000,1399
Queens,003100,1388
Queens,003200,1504
Queens,003300,2474
Queens,003400,2201
Queens,003600,3295
Queens,003700,0
Queens,003800,2287
Queens,003900,1592
Queens,004001,2134
Queens,004002,1270
Queens,004200,4120
Queens,004300,2437
Queens,004401,3500
Queens,004500,2975
Queens,004700,3984
Queens,005000,29
Queens,005100,2231
Queens,005200,2751
Queens,005300,5340
Queens,005400,5257
Queens,005500,1067
Queens,005700,4321
Queens,005800,5414
Queens,005900,4169
Queens,006100,5644
Queens,006201,5128
Queens,006202,6253
Queens,006300,5949
Queens,006501,3676
Queens,006502,3853
Queens,006900,4611
Queens,007100,3963
Queens,007300,4231
Queens,007500,4116
Queens,007700,1478
Queens,007900,3493
Queens,008100,1188
Queens,008300,2950
Queens,008500,1270
Queens,008600,2811
Queens,008700,4582
Queens,008800,3095
Queens,009100,2796
Queens,009400,2834
Queens,009500,2289
Queens,009600,3135
Queens,009700,3580
Queens,009800,2688
Queens,009900,3
Queens,010000,3571
Queens,010100,2552
Queens,010200,2677
Queens,010300,3934
Queens,010400,3147
Queens,010500,4244
Queens,010600,3427
Queens,010701,0
Queens,010800,2980
Queens,011000,3075
Queens,011100,3050
Queens,011200,2358
Queens,011300,4234
Queens,011400,1330
Queens,011500,2325
Queens,011600,2178
Queens,011700,3848
Queens,011800,2628
Queens,011900,1701
Queens,012000,2487
Queens,012100,2064
Queens,012200,2971
Queens,012301,2910
Queens,012400,2914
Queens,012500,1662
Queens,012601,2413
Queens,012602,2578
Queens,012800,2030
Queens,013000,1745
Queens,013200,1772
Queens,013400,5474
Queens,013500,1411
Queens,013600,1972
Queens,013700,1579
Queens,013800,3604
Queens,014000,3705
Queens,014100,1621
Queens,014201,4348
Queens,014202,2838
Queens,014300,4065
Queens,014400,2109
Queens,014500,2246
Queens,014700,3054
Queens,014800,2265
Queens,014900,2674
Queens,015000,2458
Queens,015100,2794
Queens,015200,2721
Queens,015300,2145
Queens,015400,2333
Queens,015500,2251
Queens,015600,3218
Queens,015700,1543
Queens,015801,3737
Queens,015802,4398
Queens,015900,4136
Queens,016100,2377
Queens,016300,4382
Queens,016400,3313
Queens,016600,3278
Queens,016800,2684
Queens,016900,5539
Queens,017000,2600
Queens,017100,8
Queens,017200,2101
Queens,017400,2244
Queens,017600,2143
Queens,017800,1925
Queens,017900,1054
Queens,018000,1090
Queens,018101,4090
Queens,018102,3928
Queens,018200,2267
Queens,018300,6031
Queens,018401,2054
Queens,018402,2223
Queens,018501,3611
Queens,018502,3633
Queens,018600,1623
Queens,018700,3088
Queens,018800,1236
Queens,018900,3492
Queens,019000,1969
Queens,019200,1914
Queens,019400,2628
Queens,019600,2643
Queens,019800,2930
Queens,019900,1028
Queens,020200,1387
Queens,020400,2098
Queens,020500,1202
Queens,020600,1712
Queens,020800,2539
Queens,021200,2754
Queens,021400,6194
Queens,021600,4016
Queens,021900,7
Queens,022001,6074
Queens,022002,5569
Queens,022900,27
Queens,023000,1795
Queens,023200,5090
Queens,023500,8278
Queens,023600,2638
Queens,023800,5101
Queens,024000,5464
Queens,024300,5440
Queens,024500,4942
Queens,024600,0
Queens,024700,1509
Queens,024900,5546
Queens,025100,5720
Queens,025301,4591
Queens,025302,2876
Queens,025400,8207
Queens,025500,1507
Queens,025700,1542
Queens,025800,1978
Queens,025900,3516
Queens,026000,2339
Queens,026100,7414
Queens,026200,1465
Queens,026300,6220
Queens,026400,2257
Queens,026500,4494
Queens,026600,1755
Queens,026700,6002
Queens,026901,5304
Queens,026902,4444
Queens,027000,1647
Queens,027100,8726
Queens,027200,1846
Queens,027300,8631
Queens,027400,1735
Queens,027500,6887
Queens,027600,1165
Queens,027700,8757
Queens,027800,2256
Queens,027900,6317
Queens,028000,1551
Queens,028100,5722
Queens,028200,1545
Queens,028300,7415
Queens,028400,3438
Queens,028500,4729
Queens,028700,6232
Queens,028800,4230
Queens,028900,5176
Queens,029100,7039
Queens,029300,1351
Queens,029400,6664
Queens,029500,3670
Queens,029700,2162
Queens,029900,0
Queens,030600,4213
Queens,030902,7992
Queens,030903,6743
Queens,030904,3712
Queens,031700,6151
Queens,032000,4645
Queens,032700,4255
Queens,032800,2409
Queens,032900,4018
Queens,033000,6170
Queens,033100,0
Queens,033401,3128
Queens,033402,12575
Queens,033700,3619
Queens,033900,3400
Queens,034700,3268
Queens,035100,4240
Queens,035200,2414
Queens,035300,2690
Queens,035700,4947
Queens,035800,3927
Queens,036100,2426
Queens,036300,2397
Queens,036500,3885
Queens,036600,2592
Queens,036700,2676
Queens,036800,2362
Queens,037100,1597
Queens,037300,2532
Queens,037500,3783
Queens,037600,5598
Queens,037700,4227
Queens,037900,6214
Queens,038100,6808
Queens,038301,0
Queens,038302,56
Queens,038400,2333
Queens,039400,2814
Queens,039800,1657
Queens,039900,4132
Queens,040000,1267
Queens,040100,7527
Queens,040200,1368
Queens,040300,6777
Queens,040400,3918
Queens,040500,3303
Queens,040700,8304
Queens,040900,5094
Queens,041100,3947
Queens,041300,4464
Queens,041400,4033
Queens,041500,4278
Queens,042400,2161
Queens,042600,512
Queens,042700,4604
Queens,043200,1166
Queens,043400,1956
Queens,043701,3381
Queens,043702,6476
Queens,043900,4790
Queens,044000,3669
Queens,044301,4033
Queens,044302,5223
Queens,044400,3236
Queens,044601,3367
Queens,044602,4596
Queens,044800,2571
Queens,045000,1943
Queens,045200,1153
Queens,045400,4773
Queens,045500,12330
Queens,045600,1338
Queens,045700,3355
Queens,045800,2016
Queens,045900,3975
Queens,046000,6006
Queens,046100,3089
Queens,046200,7296
Queens,046300,4284
Queens,046400,1643
Queens,046500,4247
Queens,046600,3058
Queens,046700,7112
Queens,046800,3829
Queens,046900,8570
Queens,047000,3247
Queens,047100,4425
Queens,047200,3760
Queens,047300,3997
Queens,047500,4835
Queens,047600,1326
Queens,047800,5294
Queens,047900,5456
Queens,048000,2506
Queens,048100,6781
Queens,048200,1452
Queens,048300,4047
Queens,048400,4979
Queens,048500,4598
Queens,048900,1486
Queens,049200,4750
Queens,049301,2134
Queens,049302,2811
Queens,049500,1358
Queens,049600,3030
Queens,049700,3021
Queens,049900,5071
Queens,050000,4323
Queens,050201,1410
Queens,050202,1344
Queens,050400,1831
Queens,050500,1657
Queens,050600,1553
Queens,050700,3442
Queens,050800,1837
Queens,051000,1540
Queens,051100,2097
Queens,051200,2619
Queens,051300,2367
Queens,051500,2852
Queens,051600,1866
Queens,051700,1957
Queens,051800,1931
Queens,052000,1521
Queens,052100,1983
Queens,052200,1532
Queens,052400,1739
Queens,052500,2063
Queens,052600,1802
Queens,052800,1442
Queens,053000,2240
Queens,053100,3114
Queens,053200,1675
Queens,053401,1907
Queens,053500,1123
Queens,053601,1577
Queens,053800,1755
Queens,053900,4147
Queens,054000,4222
Queens,054200,5074
Queens,054500,3722
Queens,054700,4643
Queens,054800,2319
Queens,054900,5308
Queens,055100,4573
Queens,055200,3064
Queens,055300,2454
Queens,055400,2303
Queens,055500,2147
Queens,055600,2153
Queens,055700,3915
Queens,055800,1732
Queens,055900,1217
Queens,056000,1647
Queens,056100,73
Queens,056200,1517
Queens,056400,1783
Queens,056500,1567
Queens,056600,1487
Queens,056700,4574
Queens,056800,4550
Queens,057700,3625
Queens,057900,1592
Queens,058000,3641
Queens,058100,2662
Queens,058200,4490
Queens,058300,3254
Queens,058500,4062
Queens,058700,3296
Queens,058900,4196
Queens,059000,1074
Queens,059100,5826
Queens,059200,1280
Queens,059300,3881
Queens,059400,1537
Queens,059500,4700
Queens,059600,1304
Queens,059800,1643
Queens,059900,1525
Queens,060000,1056
Queens,060100,2111
Queens,060300,1706
Queens,060600,1381
Queens,060701,25
Queens,060800,1413
Queens,061000,1268
Queens,061200,1597
Queens,061301,5295
Queens,061302,19
Queens,061400,1234
Queens,061601,2180
Queens,061602,1152
Queens,061800,1583
Queens,061900,2783
Queens,062000,1440
Queens,062100,2746
Queens,062200,1983
Queens,062300,1789
Queens,062400,1
Queens,062500,2388
Queens,062600,2620
Queens,062700,2879
Queens,062900,2782
Queens,063000,1579
Queens,063200,2134
Queens,063301,1416
Queens,063302,1476
Queens,063500,2513
Queens,063700,3148
Queens,063800,3425
Queens,063900,2747
Queens,064101,1960
Queens,064102,113
Queens,064500,1979
Queens,064600,2829
Queens,065000,2650
Queens,065400,2788
Queens,065501,0
Queens,065600,4853
Queens,065702,1675
Queens,065703,2597
Queens,065900,1666
Queens,066000,3233
Queens,066100,1495
Queens,066300,2601
Queens,066400,9612
Queens,066501,3275
Queens,066701,2575
Queens,066900,1706
Queens,067100,2100
Queens,067700,1786
Queens,067900,4094
Queens,068000,4708
Queens,068200,1102
Queens,068300,4210
Queens,068700,4630
Queens,069000,3252
Queens,069300,2883
Queens,069400,3314
Queens,069500,2128
Queens,069701,3616
Queens,069702,3911
Queens,070300,2010
Queens,070700,2303
Queens,070900,2483
Queens,071100,5272
Queens,071303,4973
Queens,071304,6136
Queens,071305,4871
Queens,071306,5811
Queens,071600,0
Queens,071701,5161
Queens,071702,3921
Queens,071900,2630
Queens,072100,4963
Queens,072300,2127
Queens,072900,1363
Queens,073100,1515
Queens,073700,2042
Queens,073900,5028
Queens,074100,3015
Queens,074300,4221
Queens,074500,3571
Queens,074700,3386
Queens,074900,1453
Queens,075701,4678
Queens,075702,4481
Queens,076901,4056
Queens,076902,1371
Queens,077300,2234
Queens,077500,2273
Queens,077902,5263
Queens,077903,2972
Queens,077904,6155
Queens,077905,2455
Queens,077906,3633
Queens,077907,3193
Queens,077908,3755
Queens,078800,1818
Queens,079000,2549
Queens,079200,2280
Queens,079300,1
Queens,079701,7055
Queens,079702,4502
Queens,079900,3425
Queens,080301,4382
Queens,080302,3504
Queens,080900,6850
Queens,081400,3543
Queens,081800,3478
Queens,083700,5388
Queens,083800,4970
Queens,084000,6478
Queens,084500,5318
Queens,084601,2730
Queens,084602,1053
Queens,084900,7642
Queens,085300,5764
Queens,085500,6649
Queens,085700,5953
Queens,085900,5873
Queens,086100,2370
Queens,086300,7277
Queens,086400,2634
Queens,086500,4514
Queens,086900,2131
Queens,087100,1752
Queens,088400,7337
Queens,088901,10266
Queens,089200,7430
Queens,090700,1355
Queens,091601,4079
Queens,091602,0
Queens,091800,17
Queens,091900,5766
Queens,092200,2206
Queens,092500,3681
Queens,092800,3246
Queens,092900,6496
Queens,093401,3789
Queens,093402,3657
Queens,093800,5218
Queens,093900,4400
Queens,094201,3380
Queens,094202,4700
Queens,094203,5369
Queens,094500,3971
Queens,094700,2577
Queens,095400,5368
Queens,096400,4441
Queens,097202,2795
Queens,097203,6865
Queens,097204,3544
Queens,097300,2016
Queens,098100,2249
Queens,098700,2444
Queens,099100,6507
Queens,099200,3803
Queens,099701,2670
Queens,099703,3892
Queens,099704,6868
Queens,099705,2632
Queens,099801,7608
Queens,099802,5283
Queens,099900,0
Queens,100801,2327
Queens,100802,8106
Queens,101001,9943
Queens,101002,4138
Queens,101700,5689
Queens,102900,3319
Queens,103201,6456
Queens,103202,6197
Queens,103300,4116
Queens,103900,6151
Queens,104700,7314
Queens,105900,3556
Queens,107201,2443
Queens,107202,0
Queens,108500,2613
Queens,109300,3034
Queens,109700,1887
Queens,109900,3277
Queens,111300,2559
Queens,112300,2102
Queens,112900,2242
Queens,113300,1537
Queens,113900,3322
Queens,114100,2406
Queens,114700,1673
Queens,115100,1116
Queens,115500,2114
Queens,115700,3388
Queens,115900,3991
Queens,116100,4589
Queens,116300,9104
Queens,116700,2067
Queens,117100,2743
Queens,117500,4990
Queens,118100,1840
Queens,118500,2114
Queens,118700,2521
Queens,118900,2468
Queens,119100,3273
Queens,119300,2252
Queens,119500,1349
Queens,119900,1507
Queens,120100,1668
Queens,120300,1642
Queens,120500,3024
Queens,120700,2794
Queens,121100,0
Queens,121500,4101
Queens,122300,3533
Queens,122701,10910
Queens,122702,6427
Queens,124100,3897
Queens,124700,3550
Queens,125700,3203
Queens,126500,1660
Queens,126700,4057
Queens,127700,3633
Queens,128300,73
Queens,129102,3341
Queens,129103,3566
Queens,129104,4102
Queens,130100,3791
Queens,133300,3679
Queens,133900,1302
Queens,134100,3259
Queens,134700,9572
Queens,136700,5879
Queens,137700,6606
Queens,138501,4743
Queens,138502,72
Queens,139900,1744
Queens,140300,2302
Queens,140901,914
Queens,140902,2603
Queens,141700,4475
Queens,142900,3624
Queens,143500,2199
Queens,144100,2926
Queens,144700,2927
Queens,145101,1360
Queens,145102,2468
Queens,145900,2772
Queens,146300,3000
Queens,146700,2736
Queens,147100,3341
Queens,147900,4241
Queens,148300,2863
Queens,150701,2930
Queens,150702,3178
Queens,152901,6401
Queens,152902,5126
Queens,155101,1806
Queens,155102,8185
Queens,156700,1790
Queens,157101,7216
Queens,157102,1996
Queens,157901,4800
Queens,157902,3836
Queens,157903,3944
Queens,161700,4297
Queens,162100,6197
Queens,990100,0
Staten Island,000300,1927
Staten Island,000600,2408
Staten Island,000700,4915
Staten Island,000800,5583
Staten Island,000900,2112
Staten Island,001100,3987
Staten Island,001700,1788
Staten Island,001800,731
Staten Island,002001,2504
Staten Island,002002,3258
Staten Island,002100,4236
Staten Island,002700,2217
Staten Island,002900,5207
Staten Island,003300,3402
Staten Island,003600,2510
Staten Island,003900,2197
Staten Island,004000,12998
Staten Island,004700,3863
Staten Island,005000,3847
Staten Island,005900,2635
Staten Island,006400,3550
Staten Island,006700,2758
Staten Island,007000,8525
Staten Island,007400,4693
Staten Island,007500,3914
Staten Island,007700,1535
Staten Island,008100,4301
Staten Island,008900,0
Staten Island,009601,4024
Staten Island,009602,3461
Staten Island,009700,3925
Staten Island,010500,5153
Staten Island,011201,5758
Staten Island,011202,6428
Staten Island,011401,3067
Staten Island,011402,3450
Staten Island,012100,3065
Staten Island,012200,3813
Staten Island,012500,2939
Staten Island,012804,4259
Staten Island,012805,3158
Staten Island,012806,5955
Staten Island,013201,1558
Staten Island,013203,5433
Staten Island,013204,4843
Staten Island,013301,1633
Staten Island,013302,3587
Staten Island,013400,3946
Staten Island,013800,6535
Staten Island,014100,2690
Staten Island,014604,6422
Staten Island,014605,3836
Staten Island,014606,6372
Staten Island,014607,4552
Staten Island,014608,3510
Staten Island,014700,3412
Staten Island,015100,5141
Staten Island,015400,0
Staten Island,015601,6330
Staten Island,015602,3320
Staten Island,015603,4265
Staten Island,016901,2970
Staten Island,017005,4507
Staten Island,017007,4968
Staten Island,017008,7388
Staten Island,017009,4299
Staten Island,017010,8583
Staten Island,017011,4549
Staten Island,017012,4279
Staten Island,017300,2523
Staten Island,017600,4815
Staten Island,017700,7001
Staten Island,018100,2974
Staten Island,018701,1807
Staten Island,018702,7485
Staten Island,018901,5333
Staten Island,018902,5064
Staten Island,019700,1867
Staten Island,019800,6300
Staten Island,020100,3572
Staten Island,020700,6399
Staten Island,020801,8977
Staten Island,020803,6463
Staten Island,020804,5323
Staten Island,021300,5376
Staten Island,022300,2880
Staten Island,022600,8490
Staten Island,022800,105
Staten Island,023100,4683
Staten Island,023900,3250
Staten Island,024401,5823
Staten Island,024402,4259
Staten Island,024700,2702
Staten Island,024800,4741
Staten Island,025100,5714
Staten Island,027301,3820
Staten Island,027302,3667
Staten Island,027702,6193
Staten Island,027704,4108
Staten Island,027705,5351
Staten Island,027706,2950
Staten Island,027900,2137
Staten Island,029102,2953
Staten Island,029103,7245
Staten Island,029104,6735
Staten Island,030301,4929
Staten Island,030302,6369
Staten Island,031901,3265
Staten Island,031902,4848
Staten Island,032300,1250
Staten Island,990100,0
